Workbook
Name 수용여부: [1]범례!$I$7:$I$12
Name 요구구분: [1]범례!$F$7:$F$10
Name 협의상태: [1]범례!$D$7:$D$11

Sheet 표지
B4: 소비데이터 분석 서비스
B8: WBS
F40: 문서 ID | G40: 소비데이터 분석 서비스 WBS
F41: 버 전 | G41: v1.3
F42: 작 성 일 | G42: 46106
F43: 작 성 자 | G43: 김인호

Sheet 개정이력
B1: 문서개정이력
B4: NO | C4: 버전 | D4: 날짜 | E4: 개정사유(1) | F4: 개정내역(2) | G4: 작성자
B5: 1 | C5: 1 | D5: 46029 | E5: 제정 | F5: 초안작성 | G5: 이상인
B6: 2 | C6: 1.1 | D6: 46050 | E6: 신규 | F6: 업무별 테스크 추가 | G6: 김인호
B7: 3 | C7: 1.2 | D7: 46091 | E7: 신규 | F7: 업무별 테스크 추가 | G7: 김인호
B8: 4 | C8: 1.3 | D8: 46106 | E8: 추가 | F8: 시루정보 업무 일정 반영 | G8: 김인호
B9: 5
B10: 6
B11: 7
B12: 8
B13: 9
B14: 10
B15: 11
B16: 12
B17: 13
B18: 14
B20: (1)내용 : 개정이 발생하는 페이지 번호와 변경 내용을 기술

Sheet WBS_선행개발
M4: 진척 현황판 ※ SPI : Schedule Perfomance Index : 일정성과지표
M5: 진척신호 | N5: =IF(Y5>=95%,"양호",IF(AND(Y5>=90%,Y5<95%),"보통",IF(Y5<90%,"미흡",""))) -> 미흡 | O5: 달성율 | P5: 달성율 | Q5: =W5/U5 -> 0.54469826 | R5: *기준일자 | S5: 46120 | T5: 계획진척 | U5: =R9 -> 0.22319697 | V5: 실제진척 | W5: =U9 -> 0.121575 | X5: SPI | Y5: =IFERROR(X9/W9,"") -> 0.54469826
B7: No | C7: WBS Code | D7: Dep | E7: 작업명 | L7: 계획 | S7: 실적 | V7: 업무 구성비 | W7: 구성진행비율 | AA7: 비고(산출물-예정)
L8: 기간 | M8: 시작일 | N8: 종료일 | O8: 총괄 | P8: 수행사 | Q8: 담당자 | R8: 진척율 | S8: 시작일 | T8: 종료일 | U8: 진척율 | W8: 계획 | X8: 실적 | Y8: 잔여일 | Z8: 차
B9: 0 | C9: Project | D9: 0 | E9: ONDA 프로젝트 | L9: =CONCATENATE(NETWORKDAYS(M9,N9,holiday!B$4:B$20),"일") -> 209일 | M9: =MIN(M10,M18,M104,M221,M262) -> 46076 | N9: =MAX(N10,N18,N104,N221,N262) -> 46374 | O9: 한국조폐공사 | P9: 한국조폐공사 | Q9: 이상인 | R9: =SUM(W10,W18,W104,W221,W262) -> 0.22319697 | S9: =IF(COUNT(T10:T285)>0,MIN(T10:T285),"") -> 46101 | T9: =IF(COUNT(T10:T285)>0,MAX(T10:T285),"") -> 46112 | U9: =SUM(X10,X18,X104,X221,X262) -> 0.121575 | V9: 1 | W9: =R9*V9 -> 0.22319697 | X9: =U9*V9 -> 0.121575 | Y9: =IF(N9-$S$5<=0,0,CONCATENATE(NETWORKDAYS($S$5,N9,holiday!$B$4:$B$20))) -> 178 | Z9: =IF(SUM(W9:X9)>0,(X9-W9)/V9,0) -> -0.10162197
B10: 1 | C10: Project 1 | D10: 1 | F10: 프로젝트관리 | L10: =CONCATENATE(NETWORKDAYS(M10,N10,holiday!B$4:B$20),"일") -> 89일 | M10: =MIN(M11,M13,M15) -> 46076 | N10: =MAX(N11,N13,N15) -> 46203 | O10: 한국조폐공사 | P10: 한국조폐공사 | Q10: 이상인 | R10: =SUM(W11,W13,W15) -> 0.29483696 | S10: =IF(COUNT(S11:S17)>0,MIN(S11:S17),"") -> 46076 | T10: =IF(COUNT(T11:T17)>0,MAX(T11:T17),"") | U10: =SUM(X11,X13,X15) -> 0.13125 | V10: 0.1 | W10: =R10*V10 -> 0.029483696 | X10: =U10*V10 -> 0.013125 | Y10: =IF(N10-$S$5<=0,0,CONCATENATE(NETWORKDAYS($S$5,N10,holiday!$B$4:$B$20))) -> 58 | Z10: =IF(SUM(W10:X10)>0,(X10-W10)/V10,0) -> -0.16358696
B11: 2 | C11: Project 1.2 | D11: 2 | G11: 프로젝트계획수립 | L11: =CONCATENATE(NETWORKDAYS(M11,N11,holiday!B$4:B$20),"일") -> 14일 | M11: =MIN(M12) -> 46084 | N11: =MAX(N12) -> 46101 | O11: 한국조폐공사 | P11: 한국조폐공사 | Q11: 이상인 | R11: =SUM(W12) -> 0.5 | S11: 46076 | U11: =SUM(X12) -> 0.4 | V11: 0.25 | W11: =R11*V11 -> 0.125 | X11: =U11*V11 -> 0.1 | Y11: =IF(N11-$S$5<=0,0,CONCATENATE(NETWORKDAYS($S$5,N11,holiday!$B$4:$B$20))) -> 0 | Z11: =IF(SUM(W11:X11)>0,(X11-W11)/V11,0) -> -0.1
B12: 3 | C12: Project 1.2.1 | D12: 3 | H12: 사업수행계획수립 | L12: =CONCATENATE(NETWORKDAYS(M12,N12,holiday!B$4:B$20),"일") -> 14일 | M12: 46084 | N12: 46101 | O12: 한국조폐공사 | P12: 한국조폐공사 | Q12: 이상인 | R12: =IF(COUNTBLANK(M12:N12)>0,0,1/NETWORKDAYS(M12,N12)*(IF($S$5<=M12,0,NETWORKDAYS(M12,IF($S$5>N12,N12,$S$5))))) -> 1 | S12: 46179 | U12: 0.8 | V12: =0.5 -> 0.5 | W12: =R12*V12 -> 0.5 | X12: =U12*V12 -> 0.4 | Y12: =IF(N12-$S$5<=0,0,CONCATENATE(NETWORKDAYS($S$5,N12,holiday!$B$4:$B$20))) -> 0 | Z12: =IF(SUM(W12:X12)>0,(X12-W12)/V12,0) -> -0.2 | AA12: 사업수행계획서
B13: 4 | C13: Project 1.2 | D13: 2 | G13: 의사소통관리 | L13: =CONCATENATE(NETWORKDAYS(M13,N13,holiday!B$4:B$20),"일") -> 89일 | M13: =MIN(M14:M14) -> 46076 | N13: =MAX(N14:N14) -> 46203 | O13: 한국조폐공사 | P13: 한국조폐공사 | Q13: 이상인 | R13: =SUM(W14:W14) -> 0.17934783 | S13: 46076 | U13: =SUM(X14:X14) -> 0.125 | V13: 0.25 | W13: =R13*V13 -> 0.044836957 | X13: =U13*V13 -> 0.03125 | Y13: 0 | Z13: 0
B14: 5 | C14: Project 1.2.1 | D14: 3 | H14: 주간업무보고 | L14: =CONCATENATE(NETWORKDAYS(M14,N14,holiday!B$4:B$20),"일") -> 89일 | M14: 46076 | N14: 46203 | O14: 한국조폐공사 | P14: 한국조폐공사 | Q14: 이상인 | R14: =IF(COUNTBLANK(M14:N14)>0,0,1/NETWORKDAYS(M14,N14)*(IF($S$5<=M14,0,NETWORKDAYS(M14,IF($S$5>N14,N14,$S$5))))) -> 0.35869565 | S14: 46076 | U14: 0.25 | V14: =0.5 -> 0.5 | W14: =R14*V14 -> 0.17934783 | X14: =U14*V14 -> 0.125 | Y14: =IF(N14-$S$5<=0,0,CONCATENATE(NETWORKDAYS($S$5,N14,holiday!$B$4:$B$20))) -> 58 | Z14: =IF(SUM(W14:X14)>0,(X14-W14)/V14,0) -> -0.10869565 | AA14: 주간보고서
B15: 6 | C15: Project 1.3 | D15: 2 | G15: 프로젝트마감활동 | L15: =CONCATENATE(NETWORKDAYS(M15,N15,holiday!B$4:B$20),"일") -> 32일 | M15: =MIN(M16:M17) -> 46113 | N15: =MAX(N16:N17) -> 46157 | O15: 한국조폐공사 | P15: 한국조폐공사 | Q15: 이상인 | R15: =SUM(W16:W17) -> 0.25 | U15: =SUM(X16:X17) -> 0 | V15: 0.5 | W15: =R15*V15 -> 0.125 | X15: =U15*V15 -> 0 | Y15: =IF(N15-$S$5<=0,0,CONCATENATE(NETWORKDAYS($S$5,N15,holiday!$B$4:$B$20))) -> 27 | Z15: =IF(SUM(W15:X15)>0,(X15-W15)/V15,0) -> -0.25
B16: 7 | C16: Project 1.3.1 | D16: 3 | H16: 착수보고 | L16: =CONCATENATE(NETWORKDAYS(M16,N16,holiday!B$4:B$20),"일") -> 1일 | M16: 46113 | N16: 46113 | O16: 한국조폐공사 | P16: 한국조폐공사 | Q16: 이상인 | R16: =IF(COUNTBLANK(M16:N16)>0,0,1/NETWORKDAYS(M16,N16)*(IF($S$5<=M16,0,NETWORKDAYS(M16,IF($S$5>N16,N16,$S$5))))) -> 1 | U16: 0 | V16: 0.25 | W16: =R16*V16 -> 0.25 | X16: =U16*V16 -> 0 | Y16: =IF(N16-$S$5<=0,0,CONCATENATE(NETWORKDAYS($S$5,N16,holiday!$B$4:$B$20))) -> 0 | Z16: =IF(SUM(W16:X16)>0,(X16-W16)/V16,0) -> -1 | AA16: 착수보고서
B17: 8 | C17: Project 1.3.2 | D17: 3 | H17: 중간보고(프로토타입 시연) | L17: =CONCATENATE(NETWORKDAYS(M17,N17,holiday!B$4:B$20),"일") -> 1일 | M17: 46157 | N17: 46157 | O17: 한국조폐공사 | P17: 한국조폐공사 | Q17: 이상인 | R17: =IF(COUNTBLANK(M17:N17)>0,0,1/NETWORKDAYS(M17,N17)*(IF($S$5<=M17,0,NETWORKDAYS(M17,IF($S$5>N17,N17,$S$5))))) -> 0 | U17: 0 | V17: 0.25 | W17: =R17*V17 -> 0 | X17: =U17*V17 -> 0 | Y17: =IF(N17-$S$5<=0,0,CONCATENATE(NETWORKDAYS($S$5,N17,holiday!$B$4:$B$20))) -> 27 | Z17: =IF(SUM(W17:X17)>0,(X17-W17)/V17,0) -> 0 | AA17: 중간보고서
B18: 9 | C18: Project 2 | D18: 1 | F18: 분석/설계 | L18: =CONCATENATE(NETWORKDAYS(M18,N18,holiday!B$4:B$20),"일") -> 73일 | M18: =MIN(M19,M21,M42,M55,M73) -> 46083 | N18: =MAX(N19,N21,N42,N55,N73) -> 46188 | O18: 한국조폐공사 | P18: 한국조폐공사 | Q18: 이상인 | R18: =SUM(W19,W21,W42,W55,W73) -> 0.51982955 | U18: =SUM(X19,X21,X42,X55,X73) -> 0.3615 | V18: 0.3 | W18: =R18*V18 -> 0.15594886 | X18: =U18*V18 -> 0.10845 | Y18: =IF(N18-$S$5<=0,0,CONCATENATE(NETWORKDAYS($S$5,N18,holiday!$B$4:$B$20))) -> 47 | Z18: =IF(SUM(W18:X18)>0,(X18-W18)/V18,0) -> -0.15832955
B19: 10 | C19: Project 2.1 | D19: 2 | G19: 요구사항분석 | L19: =CONCATENATE(NETWORKDAYS(M19,N19,holiday!B$4:B$20),"일") -> 14일 | M19: =MIN(M20) -> 46084 | N19: =MAX(N20) -> 46101 | O19: 한국조폐공사 | P19: 한국조폐공사 | Q19: 이상인 | R19: =SUM(W20) -> 1 | U19: =SUM(X20) -> 1 | V19: 0.1 | W19: =R19*V19 -> 0.1 | X19: =U19*V19 -> 0.1 | Y19: =IF(N19-$S$5<=0,0,CONCATENATE(NETWORKDAYS($S$5,N19,holiday!$B$4:$B$20))) -> 0 | Z19: =IF(SUM(W19:X19)>0,(X19-W19)/V19,0) -> 0
B20: 11 | C20: Project 2.1.1 | D20: 3 | H20: 소상공인 소비데이터 요구사항 분석 | L20: =CONCATENATE(NETWORKDAYS(M20,N20,holiday!B$4:B$20),"일") -> 14일 | M20: 46084 | N20: 46101 | O20: 한국조폐공사 | P20: 한국조폐공사 | Q20: 이상인 | R20: =IF(COUNTBLANK(M20:N20)>0,0,1/NETWORKDAYS(M20,N20,holiday!B$4:B$20)*(IF($S$5<=M20,0,NETWORKDAYS(M20,IF($S$5>N20,N20,$S$5),holiday!B$4:B$20)))) -> 1 | U20: 1 | V20: 1 | W20: =R20*V20 -> 1 | X20: =U20*V20 -> 1 | Y20: =IF(N20-$S$5<=0,0,CONCATENATE(NETWORKDAYS($S$5,N20,holiday!$B$4:$B$20))) -> 0 | Z20: =IF(SUM(W20:X20)>0,(X20-W20)/V20,0) -> 0 | AA20: RFP 요구사항 정의서
B21: 12 | C21: Project 2.3 | D21: 2 | G21: 앱기능 개선(소비자 분석) | L21: =CONCATENATE(NETWORKDAYS(M21,N21,holiday!B$4:B$20),"일") -> 20일 | M21: =MIN(M22,M25,M30,M35) -> 46083 | N21: =MAX(N22,N25,N30,N35) -> 46111 | O21: 한국조폐공사 | P21: 핑거 | Q21: 유효준 | R21: =SUM(W22,W25,W30,W35) -> 0.4975 | U21: =SUM(X22,X25,X30,X35) -> 0.031 | V21: 0.25 | W21: =R21*V21 -> 0.124375 | X21: =U21*V21 -> 0.00775 | Y21: =IF(N21-$S$5<=0,0,CONCATENATE(NETWORKDAYS($S$5,N21,holiday!$B$4:$B$20))) -> 0 | Z21: =IF(SUM(W21:X21)>0,(X21-W21)/V21,0) -> -0.4665
B22: 13 | C22: Project 2.3.1 | D22: 3 | H22: 현황 및 요구사항 분석 | L22: =CONCATENATE(NETWORKDAYS(M22,N22,holiday!B$4:B$20),"일") -> 20일 | M22: =MIN(M23:M24) -> 46083 | N22: =MAX(N23:N24) -> 46111 | O22: 한국조폐공사 | P22: 핑거 | Q22: 유효준 | R22: =SUM(W23:W24) -> 1 | U22: =SUM(X23:X24) -> 0.31 | V22: 0.1 | W22: =R22*V22 -> 0.1 | X22: =U22*V22 -> 0.031 | Y22: =IF(N22-$S$5<=0,0,CONCATENATE(NETWORKDAYS($S$5,N22,holiday!$B$4:$B$20))) -> 0 | Z22: =IF(SUM(W22:X22)>0,(X22-W22)/V22,0) -> -0.69
B23: 14 | C23: Project 2.3.1.1 | D23: 4 | I23: 개선 범위 정의 | L23: =CONCATENATE(NETWORKDAYS(M23,N23,holiday!B$4:B$20),"일") -> 20일 | M23: 46083 | N23: 46111 | O23: 한국조폐공사 | P23: 핑거 | Q23: 유효준 | R23: =IF(COUNTBLANK(M23:N23)>0,0,1/NETWORKDAYS(M23,N23,holiday!B$4:B$20)*(IF($S$5<=M23,0,NETWORKDAYS(M23,IF($S$5>N23,N23,$S$5),holiday!B$4:B$20)))) -> 1 | U23: 0.31 | V23: 0.5 | W23: =R23*V23 -> 0.5 | X23: =U23*V23 -> 0.155 | Y23: =IF(N23-$S$5<=0,0,CONCATENATE(NETWORKDAYS($S$5,N23,holiday!$B$4:$B$20))) -> 0 | Z23: =IF(SUM(W23:X23)>0,(X23-W23)/V23,0) -> -0.69
B24: 15 | C24: Project 2.3.1.2 | D24: 4 | I24: 기존 서비스(AS-IS) 분석 | L24: =CONCATENATE(NETWORKDAYS(M24,N24,holiday!B$4:B$20),"일") -> 20일 | M24: 46083 | N24: 46111 | O24: 한국조폐공사 | P24: 핑거 | Q24: 유효준 | R24: =IF(COUNTBLANK(M24:N24)>0,0,1/NETWORKDAYS(M24,N24,holiday!B$4:B$20)*(IF($S$5<=M24,0,NETWORKDAYS(M24,IF($S$5>N24,N24,$S$5),holiday!B$4:B$20)))) -> 1 | U24: 0.31 | V24: 0.5 | W24: =R24*V24 -> 0.5 | X24: =U24*V24 -> 0.155 | Y24: =IF(N24-$S$5<=0,0,CONCATENATE(NETWORKDAYS($S$5,N24,holiday!$B$4:$B$20))) -> 0 | Z24: =IF(SUM(W24:X24)>0,(X24-W24)/V24,0) -> -0.69
B25: 16 | C25: Project 2.3.2 | D25: 3 | H25: 소비케어 서비스 | L25: =CONCATENATE(NETWORKDAYS(M25,N25,holiday!B$4:B$20),"일") -> 6일 | M25: =MIN(M26,M28,M29) -> 46104 | N25: =MAX(N26,N28,N29) -> 46111 | O25: 한국조폐공사 | P25: 핑거 | Q25: 유효준 | R25: =SUM(W26:W29) -> 1 | U25: =SUM(X26:X29) -> 0 | V25: 0.15 | W25: =R25*V25 -> 0.15 | X25: =U25*V25 -> 0 | Y25: =IF(N25-$S$5<=0,0,CONCATENATE(NETWORKDAYS($S$5,N25,holiday!$B$4:$B$20))) -> 0 | Z25: =IF(SUM(W25:X25)>0,(X25-W25)/V25,0) -> -1
B26: 17 | C26: Project 2.3.2.1 | D26: 4 | I26: 소비내역 UI/UX 개선 화면설계 | L26: =CONCATENATE(NETWORKDAYS(M26,N26,holiday!B$4:B$20),"일") -> 6일 | M26: 46104 | N26: 46111 | O26: 한국조폐공사 | P26: 핑거 | Q26: 유효준 | R26: =IF(COUNTBLANK(M26:N26)>0,0,1/NETWORKDAYS(M26,N26,holiday!B$4:B$20)*(IF($S$5<=M26,0,NETWORKDAYS(M26,IF($S$5>N26,N26,$S$5),holiday!B$4:B$20)))) -> 1 | U26: 0 | V26: 0.25 | W26: =R26*V26 -> 0.25 | X26: =U26*V26 -> 0 | Y26: =IF(N26-$S$5<=0,0,CONCATENATE(NETWORKDAYS($S$5,N26,holiday!$B$4:$B$20))) -> 0 | Z26: =IF(SUM(W26:X26)>0,(X26-W26)/V26,0) -> -1
B27: 18 | C27: Project 2.3.2.2 | I27: 소비케어 서비스 개선 화면 설계 | L27: =CONCATENATE(NETWORKDAYS(M27,N27,holiday!B$4:B$20),"일") -> 6일 | M27: 46104 | N27: 46111 | O27: 한국조폐공사 | P27: 핑거 | Q27: 유효준 | R27: =IF(COUNTBLANK(M27:N27)>0,0,1/NETWORKDAYS(M27,N27)*(IF($S$5<=M27,0,NETWORKDAYS(M27,IF($S$5>N27,N27,$S$5))))) -> 1 | U27: 0 | V27: 0.25 | W27: =R27*V27 -> 0.25 | X27: =U27*V27 -> 0 | Y27: =IF(N27-$S$5<=0,0,CONCATENATE(NETWORKDAYS($S$5,N27,holiday!$B$4:$B$20))) -> 0 | Z27: =IF(SUM(W27:X27)>0,(X27-W27)/V27,0) -> -1
B28: 19 | C28: Project 2.3.2.3 | D28: 4 | I28: 소비패턴 분석 데이터(테이블)/API 설계 | L28: =CONCATENATE(NETWORKDAYS(M28,N28,holiday!B$4:B$20),"일") -> 6일 | M28: 46104 | N28: 46111 | O28: 한국조폐공사 | P28: 핑거 | Q28: 유효준 | R28: =IF(COUNTBLANK(M28:N28)>0,0,1/NETWORKDAYS(M28,N28,holiday!B$4:B$20)*(IF($S$5<=M28,0,NETWORKDAYS(M28,IF($S$5>N28,N28,$S$5),holiday!B$4:B$20)))) -> 1 | U28: 0 | V28: 0.25 | W28: =R28*V28 -> 0.25 | X28: =U28*V28 -> 0 | Y28: =IF(N28-$S$5<=0,0,CONCATENATE(NETWORKDAYS($S$5,N28,holiday!$B$4:$B$20))) -> 0 | Z28: =IF(SUM(W28:X28)>0,(X28-W28)/V28,0) -> -1
B29: 20 | C29: Project 2.3.2.4 | D29: 4 | I29: 소비케어 서비스 프로그램 설계 | L29: =CONCATENATE(NETWORKDAYS(M29,N29,holiday!B$4:B$20),"일") -> 6일 | M29: 46104 | N29: 46111 | O29: 한국조폐공사 | P29: 핑거 | Q29: 유효준 | R29: =IF(COUNTBLANK(M29:N29)>0,0,1/NETWORKDAYS(M29,N29,holiday!B$4:B$20)*(IF($S$5<=M29,0,NETWORKDAYS(M29,IF($S$5>N29,N29,$S$5),holiday!B$4:B$20)))) -> 1 | U29: 0 | V29: 0.25 | W29: =R29*V29 -> 0.25 | X29: =U29*V29 -> 0 | Y29: =IF(N29-$S$5<=0,0,CONCATENATE(NETWORKDAYS($S$5,N29,holiday!$B$4:$B$20))) -> 0 | Z29: =IF(SUM(W29:X29)>0,(X29-W29)/V29,0) -> -1
B30: 21 | C30: Project 2.3.2 | D30: 3 | H30: 지역축제 | L30: =CONCATENATE(NETWORKDAYS(M30,N30,holiday!B$4:B$20),"일") -> 6일 | M30: =MIN(M31,M32,M33,M34) -> 46104 | N30: =MAX(N31,N32,N33,N34) -> 46111 | O30: 한국조폐공사 | P30: 핑거 | Q30: 유효준 | R30: =SUM(W31:W34) -> 1 | U30: =SUM(X31:X34) -> 0 | V30: 0.15 | W30: =R30*V30 -> 0.15 | X30: =U30*V30 -> 0 | Y30: =IF(N30-$S$5<=0,0,CONCATENATE(NETWORKDAYS($S$5,N30,holiday!$B$4:$B$20))) -> 0 | Z30: =IF(SUM(W30:X30)>0,(X30-W30)/V30,0) -> -1
B31: 22 | C31: Project 2.3.2.1 | D31: 4 | I31: 지역축제 UI/UX 개선 화면설계 | L31: =CONCATENATE(NETWORKDAYS(M31,N31,holiday!B$4:B$20),"일") -> 6일 | M31: 46104 | N31: 46111 | O31: 한국조폐공사 | P31: 핑거 | Q31: 유효준 | R31: =IF(COUNTBLANK(M31:N31)>0,0,1/NETWORKDAYS(M31,N31,holiday!B$4:B$20)*(IF($S$5<=M31,0,NETWORKDAYS(M31,IF($S$5>N31,N31,$S$5),holiday!B$4:B$20)))) -> 1 | U31: 0 | V31: 0.25 | W31: =R31*V31 -> 0.25 | X31: =U31*V31 -> 0 | Y31: =IF(N31-$S$5<=0,0,CONCATENATE(NETWORKDAYS($S$5,N31,holiday!$B$4:$B$20))) -> 0 | Z31: =IF(SUM(W31:X31)>0,(X31-W31)/V31,0) -> -1
B32: 23 | C32: Project 2.3.3.1 | D32: 4 | I32: 지역축제 분석 API 설계 | L32: =CONCATENATE(NETWORKDAYS(M32,N32,holiday!B$4:B$20),"일") -> 6일 | M32: 46104 | N32: 46111 | O32: 한국조폐공사 | P32: 핑거 | Q32: 유효준 | R32: =IF(COUNTBLANK(M32:N32)>0,0,1/NETWORKDAYS(M32,N32,holiday!B$4:B$20)*(IF($S$5<=M32,0,NETWORKDAYS(M32,IF($S$5>N32,N32,$S$5),holiday!B$4:B$20)))) -> 1 | U32: 0 | V32: 0.25 | W32: =R32*V32 -> 0.25 | X32: =U32*V32 -> 0 | Y32: =IF(N32-$S$5<=0,0,CONCATENATE(NETWORKDAYS($S$5,N32,holiday!$B$4:$B$20))) -> 0 | Z32: =IF(SUM(W32:X32)>0,(X32-W32)/V32,0) -> -1
B33: 24 | C33: Project 2.3.6.1 | D33: 4 | I33: 지역축제 서비스 인터페이스 설계 | L33: =CONCATENATE(NETWORKDAYS(M33,N33,holiday!B$4:B$20),"일") -> 6일 | M33: 46104 | N33: 46111 | O33: 한국조폐공사 | P33: 핑거 | Q33: 유효준 | R33: =IF(COUNTBLANK(M33:N33)>0,0,1/NETWORKDAYS(M33,N33,holiday!B$4:B$20)*(IF($S$5<=M33,0,NETWORKDAYS(M33,IF($S$5>N33,N33,$S$5),holiday!B$4:B$20)))) -> 1 | U33: 0 | V33: 0.25 | W33: =R33*V33 -> 0.25 | X33: =U33*V33 -> 0 | Y33: =IF(N33-$S$5<=0,0,CONCATENATE(NETWORKDAYS($S$5,N33,holiday!$B$4:$B$20))) -> 0 | Z33: =IF(SUM(W33:X33)>0,(X33-W33)/V33,0) -> -1
B34: 25 | C34: Project 2.3.6.1 | D34: 4 | I34: 지역축제 서비스 프로그램 설계 | L34: =CONCATENATE(NETWORKDAYS(M34,N34,holiday!B$4:B$20),"일") -> 6일 | M34: 46104 | N34: 46111 | O34: 한국조폐공사 | P34: 핑거 | Q34: 유효준 | R34: =IF(COUNTBLANK(M34:N34)>0,0,1/NETWORKDAYS(M34,N34,holiday!B$4:B$20)*(IF($S$5<=M34,0,NETWORKDAYS(M34,IF($S$5>N34,N34,$S$5),holiday!B$4:B$20)))) -> 1 | U34: 0 | V34: 0.25 | W34: =R34*V34 -> 0.25 | X34: =U34*V34 -> 0 | Y34: =IF(N34-$S$5<=0,0,CONCATENATE(NETWORKDAYS($S$5,N34,holiday!$B$4:$B$20))) -> 0 | Z34: =IF(SUM(W34:X34)>0,(X34-W34)/V34,0) -> -1
B35: 26 | C35: Project 2.3.2 | D35: 3 | H35: 가맹점 추천 서비스 | L35: =CONCATENATE(NETWORKDAYS(M35,N35,holiday!B$4:B$20),"일") -> 6일 | M35: =MIN(M36:M38) -> 46104 | N35: =MAX(N36:N38) -> 46111 | O35: 한국조폐공사 | P35: 핑거 | Q35: 유효준 | R35: =SUM(W36:W41) -> 0.65 | U35: =SUM(X36:X41) -> 0 | V35: 0.15 | W35: =R35*V35 -> 0.0975 | X35: =U35*V35 -> 0 | Y35: =IF(N35-$S$5<=0,0,CONCATENATE(NETWORKDAYS($S$5,N35,holiday!$B$4:$B$20))) -> 0 | Z35: =IF(SUM(W35:X35)>0,(X35-W35)/V35,0) -> -0.65
B36: 27 | C36: Project 2.3.2.1 | D36: 5 | I36: 가맹점 추천(사장님 혜택 등) 서비스, BO 테이블 설계 | L36: =CONCATENATE(NETWORKDAYS(M36,N36,holiday!B$4:B$20),"일") -> 6일 | M36: 46104 | N36: 46111 | O36: 한국조폐공사 | P36: 핑거 | Q36: 유효준 | R36: =IF(COUNTBLANK(M36:N36)>0,0,1/NETWORKDAYS(M36,N36,holiday!B$4:B$20)*(IF($S$5<=M36,0,NETWORKDAYS(M36,IF($S$5>N36,N36,$S$5),holiday!B$4:B$20)))) -> 1 | U36: 0 | V36: 0.2 | W36: =R36*V36 -> 0.2 | X36: =U36*V36 -> 0 | Y36: =IF(N36-$S$5<=0,0,CONCATENATE(NETWORKDAYS($S$5,N36,holiday!$B$4:$B$20))) -> 0 | Z36: =IF(SUM(W36:X36)>0,(X36-W36)/V36,0) -> -1
B37: 28 | C37: Project 2.3.2.2 | D37: 5 | I37: 가맹점 추천(사장님 혜택 등) 서비스, BO API 설계 | L37: =CONCATENATE(NETWORKDAYS(M37,N37,holiday!B$4:B$20),"일") -> 6일 | M37: 46104 | N37: 46111 | O37: 한국조폐공사 | P37: 핑거 | Q37: 유효준 | R37: =IF(COUNTBLANK(M37:N37)>0,0,1/NETWORKDAYS(M37,N37,holiday!B$4:B$20)*(IF($S$5<=M37,0,NETWORKDAYS(M37,IF($S$5>N37,N37,$S$5),holiday!B$4:B$20)))) -> 1 | U37: 0 | V37: 0.2 | W37: =R37*V37 -> 0.2 | X37: =U37*V37 -> 0 | Y37: =IF(N37-$S$5<=0,0,CONCATENATE(NETWORKDAYS($S$5,N37,holiday!$B$4:$B$20))) -> 0 | Z37: =IF(SUM(W37:X37)>0,(X37-W37)/V37,0) -> -1
B38: 29 | C38: Project 2.3.2.3 | D38: 5 | I38: 가맹점 추천(사장님 혜택 등) 서비스, BO 화면 설계 | L38: =CONCATENATE(NETWORKDAYS(M38,N38,holiday!B$4:B$20),"일") -> 6일 | M38: 46104 | N38: 46111 | O38: 한국조폐공사 | P38: 핑거 | Q38: 유효준 | R38: =IF(COUNTBLANK(M38:N38)>0,0,1/NETWORKDAYS(M38,N38,holiday!B$4:B$20)*(IF($S$5<=M38,0,NETWORKDAYS(M38,IF($S$5>N38,N38,$S$5),holiday!B$4:B$20)))) -> 1 | U38: 0 | V38: 0.25 | W38: =R38*V38 -> 0.25 | X38: =U38*V38 -> 0 | Y38: =IF(N38-$S$5<=0,0,CONCATENATE(NETWORKDAYS($S$5,N38,holiday!$B$4:$B$20))) -> 0 | Z38: =IF(SUM(W38:X38)>0,(X38-W38)/V38,0) -> -1
B39: 30 | C39: Project 2.3.2.4 | D39: 5 | I39: 업종 세분화, 공통뱃지, 단순혜택 프로모션 이벤트 서비스, BO 테이블 설계 | L39: =CONCATENATE(NETWORKDAYS(M39,N39,holiday!B$4:B$20),"일") -> 29일 | M39: 46162 | N39: 46203 | O39: 한국조폐공사 | P39: 핑거 | Q39: 유효준 | R39: =IF(COUNTBLANK(M39:N39)>0,0,1/NETWORKDAYS(M39,N39,holiday!B$4:B$20)*(IF($S$5<=M39,0,NETWORKDAYS(M39,IF($S$5>N39,N39,$S$5),holiday!B$4:B$20)))) -> 0 | U39: 0 | V39: 0.1 | W39: =R39*V39 -> 0 | X39: =U39*V39 -> 0 | Y39: =IF(N39-$S$5<=0,0,CONCATENATE(NETWORKDAYS($S$5,N39,holiday!$B$4:$B$20))) -> 58 | Z39: =IF(SUM(W39:X39)>0,(X39-W39)/V39,0) -> 0
B40: 31 | C40: Project 2.3.2.5 | D40: 5 | I40: 업종 세분화, 공통뱃지, 단순혜택 프로모션 이벤트 서비스, BO API 설계 | L40: =CONCATENATE(NETWORKDAYS(M40,N40,holiday!B$4:B$20),"일") -> 29일 | M40: 46162 | N40: 46203 | O40: 한국조폐공사 | P40: 핑거 | Q40: 유효준 | R40: =IF(COUNTBLANK(M40:N40)>0,0,1/NETWORKDAYS(M40,N40,holiday!B$4:B$20)*(IF($S$5<=M40,0,NETWORKDAYS(M40,IF($S$5>N40,N40,$S$5),holiday!B$4:B$20)))) -> 0 | U40: 0 | V40: 0.1 | W40: =R40*V40 -> 0 | X40: =U40*V40 -> 0 | Y40: =IF(N40-$S$5<=0,0,CONCATENATE(NETWORKDAYS($S$5,N40,holiday!$B$4:$B$20))) -> 58 | Z40: =IF(SUM(W40:X40)>0,(X40-W40)/V40,0) -> 0
B41: 32 | C41: Project 2.3.2.6 | D41: 5 | I41: 업종 세분화, 공통뱃지, 단순혜택 프로모션 이벤트 서비스, BO 화면 설계 | L41: =CONCATENATE(NETWORKDAYS(M41,N41,holiday!B$4:B$20),"일") -> 29일 | M41: 46162 | N41: 46203 | O41: 한국조폐공사 | P41: 핑거 | Q41: 유효준 | R41: =IF(COUNTBLANK(M41:N41)>0,0,1/NETWORKDAYS(M41,N41,holiday!B$4:B$20)*(IF($S$5<=M41,0,NETWORKDAYS(M41,IF($S$5>N41,N41,$S$5),holiday!B$4:B$20)))) -> 0 | U41: 0 | V41: 0.15 | W41: =R41*V41 -> 0 | X41: =U41*V41 -> 0 | Y41: =IF(N41-$S$5<=0,0,CONCATENATE(NETWORKDAYS($S$5,N41,holiday!$B$4:$B$20))) -> 58 | Z41: =IF(SUM(W41:X41)>0,(X41-W41)/V41,0) -> 0
B42: 33 | C42: Project 2.4 | D42: 2 | G42: 온누리상품권 가맹 관리시스템 | L42: =CONCATENATE(NETWORKDAYS(M42,N42,holiday!B$4:B$20),"일") -> 30일 | M42: =MIN(M43,M46,M52) -> 46101 | N42: =MAX(N43,N46,N52) -> 46142 | O42: 한국조폐공사 | P42: 더큰소프트 | Q42: 신용철 | R42: =SUM(W43,W46,W52) -> 0.18181818 | U42: =SUM(X43,X46,X52) -> 0.045 | V42: 0.25 | W42: =R42*V42 -> 0.045454545 | X42: =U42*V42 -> 0.01125 | Y42: =IF(N42-$S$5<=0,0,CONCATENATE(NETWORKDAYS($S$5,N42,holiday!$B$4:$B$20))) -> 17 | Z42: =IF(SUM(W42:X42)>0,(X42-W42)/V42,0) -> -0.13681818
B43: 34 | C43: Project 2.4.1 | D43: 3 | H43: 현황 및 요구사항 분석 | L43: =CONCATENATE(NETWORKDAYS(M43,N43,holiday!B$4:B$20),"일") -> 8일 | M43: =MIN(M44,M45) -> 46101 | N43: =MAX(N44,N45) -> 46112 | O43: 한국조폐공사 | P43: 더큰소프트 | Q43: 신용철 | R43: =SUM(W44:W45) -> 1 | U43: =SUM(X44:X45) -> 0.45 | V43: 0.1 | W43: =R43*V43 -> 0.1 | X43: =U43*V43 -> 0.045 | Y43: =IF(N43-$S$5<=0,0,CONCATENATE(NETWORKDAYS($S$5,N43,holiday!$B$4:$B$20))) -> 0 | Z43: =IF(SUM(W43:X43)>0,(X43-W43)/V43,0) -> -0.55
B44: 35 | C44: Project 2.4.1.1 | D44: 4 | I44: 가맹점 관리 AS-IS 시스템 분석 | L44: =CONCATENATE(NETWORKDAYS(M44,N44,holiday!B$4:B$20),"일") -> 8일 | M44: 46101 | N44: 46112 | O44: 한국조폐공사 | P44: 더큰소프트 | Q44: 신용철 | R44: =IF(COUNTBLANK(M44:N44)>0,0,1/NETWORKDAYS(M44,N44,holiday!B$4:B$20)*(IF($S$5<=M44,0,NETWORKDAYS(M44,IF($S$5>N44,N44,$S$5),holiday!B$4:B$20)))) -> 1 | U44: 0.45 | V44: 0.5 | W44: =R44*V44 -> 0.5 | X44: =U44*V44 -> 0.225 | Y44: =IF(N44-$S$5<=0,0,CONCATENATE(NETWORKDAYS($S$5,N44,holiday!$B$4:$B$20))) -> 0 | Z44: =IF(SUM(W44:X44)>0,(X44-W44)/V44,0) -> -0.55 | AA44: 화면 설계, 단위테스트, 프로그램목록
B45: 36 | C45: Project 2.4.1.2 | D45: 4 | I45: 가맹점 관리 업무 프로세스 분석 | L45: =CONCATENATE(NETWORKDAYS(M45,N45,holiday!B$4:B$20),"일") -> 8일 | M45: 46101 | N45: 46112 | O45: 한국조폐공사 | P45: 더큰소프트 | Q45: 신용철 | R45: =IF(COUNTBLANK(M45:N45)>0,0,1/NETWORKDAYS(M45,N45,holiday!B$4:B$20)*(IF($S$5<=M45,0,NETWORKDAYS(M45,IF($S$5>N45,N45,$S$5),holiday!B$4:B$20)))) -> 1 | U45: 0.45 | V45: 0.5 | W45: =R45*V45 -> 0.5 | X45: =U45*V45 -> 0.225 | Y45: =IF(N45-$S$5<=0,0,CONCATENATE(NETWORKDAYS($S$5,N45,holiday!$B$4:$B$20))) -> 0 | Z45: =IF(SUM(W45:X45)>0,(X45-W45)/V45,0) -> -0.55 | AA45: 사용자 교육, 운영자 교육
B46: 37 | C46: Project 2.4.2 | D46: 3 | H46: 가맹점 등록관리 기능 개선 | L46: =CONCATENATE(NETWORKDAYS(M46,N46,holiday!B$4:B$20),"일") -> 22일 | M46: =MIN(M47,M48,M49,M50,M51) -> 46113 | N46: =MAX(N47,N48,N49,N50,N51) -> 46142 | O46: 한국조폐공사 | P46: 더큰소프트 | Q46: 신용철 | R46: =SUM(W47:W51) -> 0.27272727 | U46: =SUM(X47:X51) -> 0 | V46: 0.15 | W46: =R46*V46 -> 0.040909091 | X46: =U46*V46 -> 0 | Y46: =IF(N46-$S$5<=0,0,CONCATENATE(NETWORKDAYS($S$5,N46,holiday!$B$4:$B$20))) -> 17 | Z46: =IF(SUM(W46:X46)>0,(X46-W46)/V46,0) -> -0.27272727
B47: 38 | C47: Project 2.4.3 | D47: 4 | I47: 데이터 설계 | L47: =CONCATENATE(NETWORKDAYS(M47,N47,holiday!B$4:B$20),"일") -> 22일 | M47: 46113 | N47: 46142 | O47: 한국조폐공사 | P47: 더큰소프트 | Q47: 신용철 | R47: =IF(COUNTBLANK(M47:N47)>0,0,1/NETWORKDAYS(M47,N47,holiday!B$4:B$20)*(IF($S$5<=M47,0,NETWORKDAYS(M47,IF($S$5>N47,N47,$S$5),holiday!B$4:B$20)))) -> 0.27272727 | U47: 0 | V47: 0.2 | W47: =R47*V47 -> 0.054545455 | X47: =U47*V47 -> 0 | Y47: =IF(N47-$S$5<=0,0,CONCATENATE(NETWORKDAYS($S$5,N47,holiday!$B$4:$B$20))) -> 17 | Z47: =IF(SUM(W47:X47)>0,(X47-W47)/V47,0) -> -0.27272727
B48: 39 | C48: Project 2.4.4 | D48: 4 | I48: 서비스/화면 설계 | L48: =CONCATENATE(NETWORKDAYS(M48,N48,holiday!B$4:B$20),"일") -> 22일 | M48: 46113 | N48: 46142 | O48: 한국조폐공사 | P48: 더큰소프트 | Q48: 신용철 | R48: =IF(COUNTBLANK(M48:N48)>0,0,1/NETWORKDAYS(M48,N48,holiday!B$4:B$20)*(IF($S$5<=M48,0,NETWORKDAYS(M48,IF($S$5>N48,N48,$S$5),holiday!B$4:B$20)))) -> 0.27272727 | U48: 0 | V48: 0.2 | W48: =R48*V48 -> 0.054545455 | X48: =U48*V48 -> 0 | Y48: =IF(N48-$S$5<=0,0,CONCATENATE(NETWORKDAYS($S$5,N48,holiday!$B$4:$B$20))) -> 17 | Z48: =IF(SUM(W48:X48)>0,(X48-W48)/V48,0) -> -0.27272727
B49: 40 | C49: Project 2.4.5 | D49: 4 | I49: 인터페이스 설계 | L49: =CONCATENATE(NETWORKDAYS(M49,N49,holiday!B$4:B$20),"일") -> 22일 | M49: 46113 | N49: 46142 | O49: 한국조폐공사 | P49: 더큰소프트 | Q49: 신용철 | R49: =IF(COUNTBLANK(M49:N49)>0,0,1/NETWORKDAYS(M49,N49,holiday!B$4:B$20)*(IF($S$5<=M49,0,NETWORKDAYS(M49,IF($S$5>N49,N49,$S$5),holiday!B$4:B$20)))) -> 0.27272727 | U49: 0 | V49: 0.2 | W49: =R49*V49 -> 0.054545455 | X49: =U49*V49 -> 0 | Y49: =IF(N49-$S$5<=0,0,CONCATENATE(NETWORKDAYS($S$5,N49,holiday!$B$4:$B$20))) -> 17 | Z49: =IF(SUM(W49:X49)>0,(X49-W49)/V49,0) -> -0.27272727
B50: 41 | C50: Project 2.4.6 | D50: 4 | I50: 프로그램 목록 설계 | L50: =CONCATENATE(NETWORKDAYS(M50,N50,holiday!B$4:B$20),"일") -> 22일 | M50: 46113 | N50: 46142 | O50: 한국조폐공사 | P50: 더큰소프트 | Q50: 신용철 | R50: =IF(COUNTBLANK(M50:N50)>0,0,1/NETWORKDAYS(M50,N50,holiday!B$4:B$20)*(IF($S$5<=M50,0,NETWORKDAYS(M50,IF($S$5>N50,N50,$S$5),holiday!B$4:B$20)))) -> 0.27272727 | U50: 0 | V50: 0.2 | W50: =R50*V50 -> 0.054545455 | X50: =U50*V50 -> 0 | Y50: =IF(N50-$S$5<=0,0,CONCATENATE(NETWORKDAYS($S$5,N50,holiday!$B$4:$B$20))) -> 17 | Z50: =IF(SUM(W50:X50)>0,(X50-W50)/V50,0) -> -0.27272727
B51: 42 | C51: Project 2.4.7 | D51: 4 | I51: API 명세 설계 | L51: =CONCATENATE(NETWORKDAYS(M51,N51,holiday!B$4:B$20),"일") -> 22일 | M51: 46113 | N51: 46142 | O51: 한국조폐공사 | P51: 더큰소프트 | Q51: 신용철 | R51: =IF(COUNTBLANK(M51:N51)>0,0,1/NETWORKDAYS(M51,N51,holiday!B$4:B$20)*(IF($S$5<=M51,0,NETWORKDAYS(M51,IF($S$5>N51,N51,$S$5),holiday!B$4:B$20)))) -> 0.27272727 | U51: 0 | V51: 0.2 | W51: =R51*V51 -> 0.054545455 | X51: =U51*V51 -> 0 | Y51: =IF(N51-$S$5<=0,0,CONCATENATE(NETWORKDAYS($S$5,N51,holiday!$B$4:$B$20))) -> 17 | Z51: =IF(SUM(W51:X51)>0,(X51-W51)/V51,0) -> -0.27272727
B52: 43 | C52: Project 2.4.2 | D52: 3 | H52: 가맹점 업종 분류 세분화 정보 수신 | L52: =CONCATENATE(NETWORKDAYS(M52,N52,holiday!B$4:B$20),"일") -> 22일 | M52: =MIN(M53,M54) -> 46113 | N52: =MAX(N53,N54) -> 46142 | O52: 한국조폐공사 | P52: 더큰소프트 | Q52: 신용철 | R52: =SUM(W53:W54) -> 0.27272727 | U52: =SUM(X53:X54) -> 0 | V52: 0.15 | W52: =R52*V52 -> 0.040909091 | X52: =U52*V52 -> 0 | Y52: =IF(N52-$S$5<=0,0,CONCATENATE(NETWORKDAYS($S$5,N52,holiday!$B$4:$B$20))) -> 17 | Z52: =IF(SUM(W52:X52)>0,(X52-W52)/V52,0) -> -0.27272727
B53: 44 | C53: Project 2.4.5 | D53: 4 | I53: 인터페이스 설계 | L53: =CONCATENATE(NETWORKDAYS(M53,N53,holiday!B$4:B$20),"일") -> 22일 | M53: 46113 | N53: 46142 | O53: 한국조폐공사 | P53: 더큰소프트 | Q53: 신용철 | R53: =IF(COUNTBLANK(M53:N53)>0,0,1/NETWORKDAYS(M53,N53,holiday!B$4:B$20)*(IF($S$5<=M53,0,NETWORKDAYS(M53,IF($S$5>N53,N53,$S$5),holiday!B$4:B$20)))) -> 0.27272727 | U53: 0 | V53: 0.5 | W53: =R53*V53 -> 0.13636364 | X53: =U53*V53 -> 0 | Y53: =IF(N53-$S$5<=0,0,CONCATENATE(NETWORKDAYS($S$5,N53,holiday!$B$4:$B$20))) -> 17 | Z53: =IF(SUM(W53:X53)>0,(X53-W53)/V53,0) -> -0.27272727
B54: 45 | C54: Project 2.4.6 | D54: 4 | I54: 프로그램 목록 설계 | L54: =CONCATENATE(NETWORKDAYS(M54,N54,holiday!B$4:B$20),"일") -> 22일 | M54: 46113 | N54: 46142 | O54: 한국조폐공사 | P54: 더큰소프트 | Q54: 신용철 | R54: =IF(COUNTBLANK(M54:N54)>0,0,1/NETWORKDAYS(M54,N54,holiday!B$4:B$20)*(IF($S$5<=M54,0,NETWORKDAYS(M54,IF($S$5>N54,N54,$S$5),holiday!B$4:B$20)))) -> 0.27272727 | U54: 0 | V54: 0.5 | W54: =R54*V54 -> 0.13636364 | X54: =U54*V54 -> 0 | Y54: =IF(N54-$S$5<=0,0,CONCATENATE(NETWORKDAYS($S$5,N54,holiday!$B$4:$B$20))) -> 17 | Z54: =IF(SUM(W54:X54)>0,(X54-W54)/V54,0) -> -0.27272727
B55: 46 | C55: Project 2.5 | D55: 2 | G55: 온누리상품권 홈페이지(누리집) | L55: =CONCATENATE(NETWORKDAYS(M55,N55,holiday!B$4:B$20),"일") -> 21일 | M55: =MIN(M56,M59,M67,M70) -> 46083 | N55: =MAX(N56,N59,N67,N70) -> 46112 | O55: 한국조폐공사 | P55: 시루정보 | Q55: 허인영 | R55: =SUM(W56,W59,W67,W70) -> 1 | S55: =MIN(S56,S59,S67,S70) -> 46083 | T55: =MAX(T56,T59,T67,T70) -> 46112 | U55: =SUM(X56,X59,X67,X70) -> 0.97 | V55: 0.25 | W55: =R55*V55 -> 0.25 | X55: =U55*V55 -> 0.2425 | Y55: =IF(N55-$S$5<=0,0,CONCATENATE(NETWORKDAYS($S$5,N55,holiday!$B$4:$B$20))) -> 0 | Z55: =IF(SUM(W55:X55)>0,(X55-W55)/V55,0) -> -0.03
B56: 47 | C56: Project 2.5.1 | D56: 3 | H56: 현황 및 요구사항 분석 | L56: =CONCATENATE(NETWORKDAYS(M56,N56,holiday!B$4:B$20),"일") -> 19일 | M56: =MIN(M57:M58) -> 46083 | N56: =MAX(N57:N58) -> 46108 | O56: 한국조폐공사 | P56: 시루정보 | Q56: 허인영 | R56: =SUM(W57:W58) -> 1 | S56: =M56 -> 46083 | T56: =N56 -> 46108 | U56: =SUM(X57:X58) -> 1 | V56: 0.3 | W56: =R56*V56 -> 0.3 | X56: =U56*V56 -> 0.3 | Y56: =IF(N56-$S$5<=0,0,CONCATENATE(NETWORKDAYS($S$5,N56,holiday!$B$4:$B$20))) -> 0 | Z56: =IF(SUM(W56:X56)>0,(X56-W56)/V56,0) -> 0
B57: 48 | C57: Project 2.5.1.1 | D57: 4 | I57: As-Is 정보구조 분석 | L57: =CONCATENATE(NETWORKDAYS(M57,N57,holiday!B$4:B$20),"일") -> 14일 | M57: 46083 | N57: 46101 | O57: 한국조폐공사 | P57: 시루정보 | Q57: 허인영 | R57: =IF(COUNTBLANK(M57:N57)>0,0,1/NETWORKDAYS(M57,N57,holiday!B$4:B$20)*(IF($S$5<=M57,0,NETWORKDAYS(M57,IF($S$5>N57,N57,$S$5),holiday!B$4:B$20)))) -> 1 | S57: =M57 -> 46083 | T57: =N57 -> 46101 | U57: 1 | V57: 0.5 | W57: =R57*V57 -> 0.5 | X57: =U57*V57 -> 0.5 | Y57: =IF(N57-$S$5<=0,0,CONCATENATE(NETWORKDAYS($S$5,N57,holiday!$B$4:$B$20))) -> 0 | Z57: =IF(SUM(W57:X57)>0,(X57-W57)/V57,0) -> 0 | AA57: 화면설계서
B58: 49 | C58: Project 2.5.1.2 | D58: 4 | I58: 축제 공연 정보 현황 분석 | L58: =CONCATENATE(NETWORKDAYS(M58,N58,holiday!B$4:B$20),"일") -> 19일 | M58: 46083 | N58: 46108 | O58: 한국조폐공사 | P58: 시루정보 | Q58: 허인영 | R58: =IF(COUNTBLANK(M58:N58)>0,0,1/NETWORKDAYS(M58,N58,holiday!B$4:B$20)*(IF($S$5<=M58,0,NETWORKDAYS(M58,IF($S$5>N58,N58,$S$5),holiday!B$4:B$20)))) -> 1 | S58: =M58 -> 46083 | T58: =N58 -> 46108 | U58: 1 | V58: 0.5 | W58: =R58*V58 -> 0.5 | X58: =U58*V58 -> 0.5 | Y58: =IF(N58-$S$5<=0,0,CONCATENATE(NETWORKDAYS($S$5,N58,holiday!$B$4:$B$20))) -> 0 | Z58: =IF(SUM(W58:X58)>0,(X58-W58)/V58,0) -> 0 | AA58: 공연축제 정보 정보현황 분석
B59: 50 | C59: Project 2.5.2 | D59: 3 | H59: 축제·공연 정보 제공 | L59: =CONCATENATE(NETWORKDAYS(M59,N59,holiday!B$4:B$20),"일") -> 16일 | M59: =MIN(M60,M61,M62,M63,M64,M65,M66) -> 46090 | N59: =MAX(N60,N61,N62,N63,N64,N65,N66) -> 46111 | O59: 한국조폐공사 | P59: 시루정보 | Q59: 허인영 | R59: =SUM(W60:W66) -> 1 | S59: =M59 -> 46090 | T59: =N59 -> 46111 | U59: =SUM(X60:X66) -> 1 | V59: 0.3 | W59: =R59*V59 -> 0.3 | X59: =U59*V59 -> 0.3 | Y59: =IF(N59-$S$5<=0,0,CONCATENATE(NETWORKDAYS($S$5,N59,holiday!$B$4:$B$20))) -> 0 | Z59: =IF(SUM(W59:X59)>0,(X59-W59)/V59,0) -> 0
B60: 51 | C60: Project 2.5.2.1 | D60: 4 | I60: 프론트/관리자 화면설계 | L60: =CONCATENATE(NETWORKDAYS(M60,N60,holiday!B$4:B$20),"일") -> 15일 | M60: 46090 | N60: 46108 | O60: 한국조폐공사 | P60: 시루정보 | Q60: 허인영 | R60: =IF(COUNTBLANK(M60:N60)>0,0,1/NETWORKDAYS(M60,N60,holiday!B$4:B$20)*(IF($S$5<=M60,0,NETWORKDAYS(M60,IF($S$5>N60,N60,$S$5),holiday!B$4:B$20)))) -> 1 | S60: =M60 -> 46090 | T60: =N60 -> 46108 | U60: 1 | V60: 0.15 | W60: =R60*V60 -> 0.15 | X60: =U60*V60 -> 0.15 | Y60: =IF(N60-$S$5<=0,0,CONCATENATE(NETWORKDAYS($S$5,N60,holiday!$B$4:$B$20))) -> 0 | Z60: =IF(SUM(W60:X60)>0,(X60-W60)/V60,0) -> 0
B61: 52 | C61: Project 2.5.2.2 | D61: 4 | I61: 데이터 설계 | L61: =CONCATENATE(NETWORKDAYS(M61,N61,holiday!B$4:B$20),"일") -> 16일 | M61: 46090 | N61: 46111 | O61: 한국조폐공사 | P61: 시루정보 | Q61: 백상용 | R61: =IF(COUNTBLANK(M61:N61)>0,0,1/NETWORKDAYS(M61,N61,holiday!B$4:B$20)*(IF($S$5<=M61,0,NETWORKDAYS(M61,IF($S$5>N61,N61,$S$5),holiday!B$4:B$20)))) -> 1 | S61: =M61 -> 46090 | T61: =N61 -> 46111 | U61: 1 | V61: 0.15 | W61: =R61*V61 -> 0.15 | X61: =U61*V61 -> 0.15 | Y61: =IF(N61-$S$5<=0,0,CONCATENATE(NETWORKDAYS($S$5,N61,holiday!$B$4:$B$20))) -> 0 | Z61: =IF(SUM(W61:X61)>0,(X61-W61)/V61,0) -> 0
B62: 53 | C62: Project 2.5.2.3 | D62: 4 | I62: 인터페이스 설계 | L62: =CONCATENATE(NETWORKDAYS(M62,N62,holiday!B$4:B$20),"일") -> 16일 | M62: 46090 | N62: 46111 | O62: 한국조폐공사 | P62: 시루정보 | Q62: 백상용 | R62: =IF(COUNTBLANK(M62:N62)>0,0,1/NETWORKDAYS(M62,N62,holiday!B$4:B$20)*(IF($S$5<=M62,0,NETWORKDAYS(M62,IF($S$5>N62,N62,$S$5),holiday!B$4:B$20)))) -> 1 | S62: =M62 -> 46090 | T62: =N62 -> 46111 | U62: 1 | V62: 0.15 | W62: =R62*V62 -> 0.15 | X62: =U62*V62 -> 0.15 | Y62: =IF(N62-$S$5<=0,0,CONCATENATE(NETWORKDAYS($S$5,N62,holiday!$B$4:$B$20))) -> 0 | Z62: =IF(SUM(W62:X62)>0,(X62-W62)/V62,0) -> 0
B63: 55 | C63: Project 2.5.2.4 | D63: 4 | I63: 프로그램 목록 설계 | L63: =CONCATENATE(NETWORKDAYS(M63,N63,holiday!B$4:B$20),"일") -> 6일 | M63: 46104 | N63: 46111 | O63: 한국조폐공사 | P63: 시루정보 | Q63: 백상용 | R63: =IF(COUNTBLANK(M63:N63)>0,0,1/NETWORKDAYS(M63,N63,holiday!B$4:B$20)*(IF($S$5<=M63,0,NETWORKDAYS(M63,IF($S$5>N63,N63,$S$5),holiday!B$4:B$20)))) -> 1 | S63: =M63 -> 46104 | T63: =N63 -> 46111 | U63: 1 | V63: 0.15 | W63: =R63*V63 -> 0.15 | X63: =U63*V63 -> 0.15 | Y63: =IF(N63-$S$5<=0,0,CONCATENATE(NETWORKDAYS($S$5,N63,holiday!$B$4:$B$20))) -> 0 | Z63: =IF(SUM(W63:X63)>0,(X63-W63)/V63,0) -> 0
B64: 56 | C64: Project 2.5.2.5 | D64: 4 | I64: 외부 연동 API 명세 설계 | L64: =CONCATENATE(NETWORKDAYS(M64,N64,holiday!B$4:B$20),"일") -> 6일 | M64: 46104 | N64: 46111 | O64: 한국조폐공사 | P64: 시루정보 | Q64: 백상용 | R64: =IF(COUNTBLANK(M64:N64)>0,0,1/NETWORKDAYS(M64,N64,holiday!B$4:B$20)*(IF($S$5<=M64,0,NETWORKDAYS(M64,IF($S$5>N64,N64,$S$5),holiday!B$4:B$20)))) -> 1 | S64: =M64 -> 46104 | T64: =N64 -> 46111 | U64: 1 | V64: 0.15 | W64: =R64*V64 -> 0.15 | X64: =U64*V64 -> 0.15 | Y64: =IF(N64-$S$5<=0,0,CONCATENATE(NETWORKDAYS($S$5,N64,holiday!$B$4:$B$20))) -> 0 | Z64: =IF(SUM(W64:X64)>0,(X64-W64)/V64,0) -> 0
B65: 57 | C65: Project 2.5.2.6 | D65: 4 | I65: 내부 연동 API 명세 설계 | L65: =CONCATENATE(NETWORKDAYS(M65,N65,holiday!B$4:B$20),"일") -> 6일 | M65: 46104 | N65: 46111 | O65: 한국조폐공사 | P65: 시루정보 | Q65: 백상용 | R65: =IF(COUNTBLANK(M65:N65)>0,0,1/NETWORKDAYS(M65,N65,holiday!B$4:B$20)*(IF($S$5<=M65,0,NETWORKDAYS(M65,IF($S$5>N65,N65,$S$5),holiday!B$4:B$20)))) -> 1 | S65: =M65 -> 46104 | T65: =N65 -> 46111 | U65: 1 | V65: 0.15 | W65: =R65*V65 -> 0.15 | X65: =U65*V65 -> 0.15 | Y65: =IF(N65-$S$5<=0,0,CONCATENATE(NETWORKDAYS($S$5,N65,holiday!$B$4:$B$20))) -> 0 | Z65: =IF(SUM(W65:X65)>0,(X65-W65)/V65,0) -> 0
B66: 58 | C66: Project 2.5.2.7 | D66: 4 | I66: 배치 프로젝트 설계 | L66: =CONCATENATE(NETWORKDAYS(M66,N66,holiday!B$4:B$20),"일") -> 6일 | M66: 46104 | N66: 46111 | O66: 한국조폐공사 | P66: 시루정보 | Q66: 백상용 | R66: =IF(COUNTBLANK(M66:N66)>0,0,1/NETWORKDAYS(M66,N66,holiday!B$4:B$20)*(IF($S$5<=M66,0,NETWORKDAYS(M66,IF($S$5>N66,N66,$S$5),holiday!B$4:B$20)))) -> 1 | S66: =M66 -> 46104 | T66: =N66 -> 46111 | U66: 1 | V66: 0.1 | W66: =R66*V66 -> 0.1 | X66: =U66*V66 -> 0.1 | Y66: =IF(N66-$S$5<=0,0,CONCATENATE(NETWORKDAYS($S$5,N66,holiday!$B$4:$B$20))) -> 0 | Z66: =IF(SUM(W66:X66)>0,(X66-W66)/V66,0) -> 0
B67: 59 | C67: Project 2.5.3 | D67: 3 | H67: 온누리플레이스 축제·공연 연계 정보 제공 | L67: =CONCATENATE(NETWORKDAYS(M67,N67,holiday!B$4:B$20),"일") -> 7일 | M67: =MIN(M68:M69) -> 46104 | N67: =MAX(N68:N69) -> 46112 | O67: 한국조폐공사 | P67: 시루정보 | Q67: 허인영 | R67: =IF(COUNTBLANK(M67:N67)>0,0,1/NETWORKDAYS(M67,N67,holiday!B$4:B$20)*(IF($S$5<=M67,0,NETWORKDAYS(M67,IF($S$5>N67,N67,$S$5),holiday!B$4:B$20)))) -> 1 | S67: =M67 -> 46104 | T67: =N67 -> 46112 | U67: =SUM(X68:X69) -> 1 | V67: 0.2 | W67: =R67*V67 -> 0.2 | X67: =U67*V67 -> 0.2 | Y67: =IF(N67-$S$5<=0,0,CONCATENATE(NETWORKDAYS($S$5,N67,holiday!$B$4:$B$20))) -> 0 | Z67: =IF(SUM(W67:X67)>0,(X67-W67)/V67,0) -> 0
B68: 60 | C68: Project 2.5.3.1 | D68: 4 | I68: 프론트 화면설계 | L68: =CONCATENATE(NETWORKDAYS(M68,N68,holiday!B$4:B$20),"일") -> 7일 | M68: 46104 | N68: 46112 | O68: 한국조폐공사 | P68: 시루정보 | Q68: 허인영 | R68: =IF(COUNTBLANK(M68:N68)>0,0,1/NETWORKDAYS(M68,N68,holiday!B$4:B$20)*(IF($S$5<=M68,0,NETWORKDAYS(M68,IF($S$5>N68,N68,$S$5),holiday!B$4:B$20)))) -> 1 | S68: =M68 -> 46104 | T68: =N68 -> 46112 | U68: 1 | V68: 0.5 | W68: =R68*V68 -> 0.5 | X68: =U68*V68 -> 0.5 | Y68: =IF(N68-$S$5<=0,0,CONCATENATE(NETWORKDAYS($S$5,N68,holiday!$B$4:$B$20))) -> 0 | Z68: =IF(SUM(W68:X68)>0,(X68-W68)/V68,0) -> 0
B69: 61 | C69: Project 2.5.3.2 | D69: 4 | I69: 축제·공연 연계 정보 제공 기능/프로그램 설계 | L69: =CONCATENATE(NETWORKDAYS(M69,N69,holiday!B$4:B$20),"일") -> 6일 | M69: 46104 | N69: 46111 | O69: 한국조폐공사 | P69: 시루정보 | Q69: 백상용 | R69: =IF(COUNTBLANK(M69:N69)>0,0,1/NETWORKDAYS(M69,N69,holiday!B$4:B$20)*(IF($S$5<=M69,0,NETWORKDAYS(M69,IF($S$5>N69,N69,$S$5),holiday!B$4:B$20)))) -> 1 | S69: =M69 -> 46104 | T69: =N69 -> 46111 | U69: 1 | V69: 0.5 | W69: =R69*V69 -> 0.5 | X69: =U69*V69 -> 0.5 | Y69: =IF(N69-$S$5<=0,0,CONCATENATE(NETWORKDAYS($S$5,N69,holiday!$B$4:$B$20))) -> 0 | Z69: =IF(SUM(W69:X69)>0,(X69-W69)/V69,0) -> 0
B70: 63 | C70: Project 2.5.4 | D70: 3 | H70: 온누리플레이스 가맹점 상세 대표사진 정보 제공 | L70: =CONCATENATE(NETWORKDAYS(M70,N70,holiday!B$4:B$20),"일") -> 7일 | M70: =MIN(M71:M72) -> 46104 | N70: =MAX(N71:N72) -> 46112 | O70: 한국조폐공사 | P70: 시루정보 | Q70: 허인영 | R70: =SUM(W71:W72) -> 1 | S70: =M70 -> 46104 | T70: =N70 -> 46112 | U70: =SUM(X71:X72) -> 0.85 | V70: 0.2 | W70: =R70*V70 -> 0.2 | X70: =U70*V70 -> 0.17 | Y70: =IF(N70-$S$5<=0,0,CONCATENATE(NETWORKDAYS($S$5,N70,holiday!$B$4:$B$20))) -> 0 | Z70: =IF(SUM(W70:X70)>0,(X70-W70)/V70,0) -> -0.15
B71: 64 | C71: Project 2.5.4.1 | D71: 4 | I71: 프론트 화면설계 | L71: =CONCATENATE(NETWORKDAYS(M71,N71,holiday!B$4:B$20),"일") -> 7일 | M71: 46104 | N71: 46112 | O71: 한국조폐공사 | P71: 시루정보 | Q71: 허인영 | R71: =IF(COUNTBLANK(M71:N71)>0,0,1/NETWORKDAYS(M71,N71,holiday!B$4:B$20)*(IF($S$5<=M71,0,NETWORKDAYS(M71,IF($S$5>N71,N71,$S$5),holiday!B$4:B$20)))) -> 1 | S71: =M71 -> 46104 | T71: =N71 -> 46112 | U71: 1 | V71: 0.5 | W71: =R71*V71 -> 0.5 | X71: =U71*V71 -> 0.5 | Y71: =IF(N71-$S$5<=0,0,CONCATENATE(NETWORKDAYS($S$5,N71,holiday!$B$4:$B$20))) -> 0 | Z71: =IF(SUM(W71:X71)>0,(X71-W71)/V71,0) -> 0
B72: 65 | C72: Project 2.5.4.2 | D72: 4 | I72: 가맹점 상세 대표사진 표시 기능/프로그램 설계 | L72: =CONCATENATE(NETWORKDAYS(M72,N72,holiday!B$4:B$20),"일") -> 6일 | M72: 46104 | N72: 46111 | O72: 한국조폐공사 | P72: 시루정보 | Q72: 백상용 | R72: =IF(COUNTBLANK(M72:N72)>0,0,1/NETWORKDAYS(M72,N72,holiday!B$4:B$20)*(IF($S$5<=M72,0,NETWORKDAYS(M72,IF($S$5>N72,N72,$S$5),holiday!B$4:B$20)))) -> 1 | S72: =M72 -> 46104 | T72: =N72 -> 46111 | U72: 0.7 | V72: 0.5 | W72: =R72*V72 -> 0.5 | X72: =U72*V72 -> 0.35 | Y72: =IF(N72-$S$5<=0,0,CONCATENATE(NETWORKDAYS($S$5,N72,holiday!$B$4:$B$20))) -> 0 | Z72: =IF(SUM(W72:X72)>0,(X72-W72)/V72,0) -> -0.3
B73: 71 | C73: Project 2.6 | D73: 2 | G73: 인프라 구성 분석/설계 | L73: =CONCATENATE(NETWORKDAYS(M73,N73,holiday!B$4:B$20),"일") -> 30일 | M73: =MIN(M74,M80,M84,M88,M91,M96) -> 46143 | N73: =MAX(N74,N80,N84,N88,N91,N96) -> 46188 | O73: 한국조폐공사 | P73: 한국조폐공사 | Q73: 이상인 | R73: =SUM(W74,W80,W84,W88,W91,W96) -> 0 | U73: =SUM(X74,X80,X84,X88,X91,X96) -> 0 | V73: 0.15 | W73: =R73*V73 -> 0 | X73: =U73*V73 -> 0 | Y73: =IF(N73-$S$5<=0,0,CONCATENATE(NETWORKDAYS($S$5,N73,holiday!$B$4:$B$20))) -> 47 | Z73: =IF(SUM(W73:X73)>0,(X73-W73)/V73,0) -> 0
B74: 72 | C74: Project 2.6.1 | D74: 3 | H74: 기존 인프라 환경 분석 | L74: =CONCATENATE(NETWORKDAYS(M74,N74,holiday!B$4:B$20),"일") -> 30일 | M74: =MIN(M75,M76,M77,M78,M79) -> 46143 | N74: =MAX(N75,N76,N77,N78,N79) -> 46188 | O74: 한국조폐공사 | P74: 한국조폐공사 | Q74: 이상인 | R74: =SUM(W75:W79) -> 0 | U74: =SUM(X75:X79) -> 0 | V74: 0.25 | W74: =R74*V74 -> 0 | X74: =U74*V74 -> 0 | Y74: =IF(N74-$S$5<=0,0,CONCATENATE(NETWORKDAYS($S$5,N74,holiday!$B$4:$B$20))) -> 47 | Z74: =IF(SUM(W74:X74)>0,(X74-W74)/V74,0) -> 0
B75: 73 | C75: Project 2.6.1.1 | D75: 4 | I75: 온프레미스/클라우드 구성 현황 분석 | L75: =CONCATENATE(NETWORKDAYS(M75,N75,holiday!B$4:B$20),"일") -> 30일 | M75: 46143 | N75: 46188 | O75: 한국조폐공사 | P75: 한국조폐공사 | Q75: 이상인 | R75: =IF(COUNTBLANK(M75:N75)>0,0,1/NETWORKDAYS(M75,N75,holiday!B$4:B$20)*(IF($S$5<=M75,0,NETWORKDAYS(M75,IF($S$5>N75,N75,$S$5),holiday!B$4:B$20)))) -> 0 | U75: 0 | V75: 0.2 | W75: =R75*V75 -> 0 | X75: =U75*V75 -> 0 | Y75: =IF(N75-$S$5<=0,0,CONCATENATE(NETWORKDAYS($S$5,N75,holiday!$B$4:$B$20))) -> 47 | Z75: =IF(SUM(W75:X75)>0,(X75-W75)/V75,0) -> 0
B76: 74 | C76: Project 2.6.1.2 | D76: 4 | I76: 서버, 스토리지, 네트워크 자원 현황 분석 | L76: =CONCATENATE(NETWORKDAYS(M76,N76,holiday!B$4:B$20),"일") -> 30일 | M76: 46143 | N76: 46188 | O76: 한국조폐공사 | P76: 한국조폐공사 | Q76: 이상인 | R76: =IF(COUNTBLANK(M76:N76)>0,0,1/NETWORKDAYS(M76,N76,holiday!B$4:B$20)*(IF($S$5<=M76,0,NETWORKDAYS(M76,IF($S$5>N76,N76,$S$5),holiday!B$4:B$20)))) -> 0 | U76: 0 | V76: 0.2 | W76: =R76*V76 -> 0 | X76: =U76*V76 -> 0 | Y76: =IF(N76-$S$5<=0,0,CONCATENATE(NETWORKDAYS($S$5,N76,holiday!$B$4:$B$20))) -> 47 | Z76: =IF(SUM(W76:X76)>0,(X76-W76)/V76,0) -> 0
B77: 75 | C77: Project 2.6.1.3 | D77: 4 | I77: 운영 중인 시스템 아키텍처 구조 분석 | L77: =CONCATENATE(NETWORKDAYS(M77,N77,holiday!B$4:B$20),"일") -> 30일 | M77: 46143 | N77: 46188 | O77: 한국조폐공사 | P77: 한국조폐공사 | Q77: 이상인 | R77: =IF(COUNTBLANK(M77:N77)>0,0,1/NETWORKDAYS(M77,N77,holiday!B$4:B$20)*(IF($S$5<=M77,0,NETWORKDAYS(M77,IF($S$5>N77,N77,$S$5),holiday!B$4:B$20)))) -> 0 | U77: 0 | V77: 0.2 | W77: =R77*V77 -> 0 | X77: =U77*V77 -> 0 | Y77: =IF(N77-$S$5<=0,0,CONCATENATE(NETWORKDAYS($S$5,N77,holiday!$B$4:$B$20))) -> 47 | Z77: =IF(SUM(W77:X77)>0,(X77-W77)/V77,0) -> 0
B78: 76 | C78: Project 2.6.1.4 | D78: 4 | I78: 장애 대응·백업·복구 체계 분석 | L78: =CONCATENATE(NETWORKDAYS(M78,N78,holiday!B$4:B$20),"일") -> 30일 | M78: 46143 | N78: 46188 | O78: 한국조폐공사 | P78: 한국조폐공사 | Q78: 이상인 | R78: =IF(COUNTBLANK(M78:N78)>0,0,1/NETWORKDAYS(M78,N78,holiday!B$4:B$20)*(IF($S$5<=M78,0,NETWORKDAYS(M78,IF($S$5>N78,N78,$S$5),holiday!B$4:B$20)))) -> 0 | U78: 0 | V78: 0.2 | W78: =R78*V78 -> 0 | X78: =U78*V78 -> 0 | Y78: =IF(N78-$S$5<=0,0,CONCATENATE(NETWORKDAYS($S$5,N78,holiday!$B$4:$B$20))) -> 47 | Z78: =IF(SUM(W78:X78)>0,(X78-W78)/V78,0) -> 0
B79: 77 | C79: Project 2.6.1.5 | D79: 4 | I79: CPU, 메모리, 스토리지 용량 산정 기준 분석 | L79: =CONCATENATE(NETWORKDAYS(M79,N79,holiday!B$4:B$20),"일") -> 30일 | M79: 46143 | N79: 46188 | O79: 한국조폐공사 | P79: 한국조폐공사 | Q79: 이상인 | R79: =IF(COUNTBLANK(M79:N79)>0,0,1/NETWORKDAYS(M79,N79,holiday!B$4:B$20)*(IF($S$5<=M79,0,NETWORKDAYS(M79,IF($S$5>N79,N79,$S$5),holiday!B$4:B$20)))) -> 0 | U79: 0 | V79: 0.2 | W79: =R79*V79 -> 0 | X79: =U79*V79 -> 0 | Y79: =IF(N79-$S$5<=0,0,CONCATENATE(NETWORKDAYS($S$5,N79,holiday!$B$4:$B$20))) -> 47 | Z79: =IF(SUM(W79:X79)>0,(X79-W79)/V79,0) -> 0
B80: 78 | C80: Project 2.6.2 | D80: 3 | H80: 규제 및 정책 요구사항 분석 | L80: =CONCATENATE(NETWORKDAYS(M80,N80,holiday!B$4:B$20),"일") -> 30일 | M80: =MIN(M81,M82,M83) -> 46143 | N80: =MAX(N81,N82,N83) -> 46188 | O80: 한국조폐공사 | P80: 한국조폐공사 | Q80: 이상인 | R80: =SUM(W81:W83) -> 0 | U80: =SUM(X81:X83) -> 0 | V80: 0.15 | W80: =R80*V80 -> 0 | X80: =U80*V80 -> 0 | Y80: =IF(N80-$S$5<=0,0,CONCATENATE(NETWORKDAYS($S$5,N80,holiday!$B$4:$B$20))) -> 47 | Z80: =IF(SUM(W80:X80)>0,(X80-W80)/V80,0) -> 0
B81: 79 | C81: Project 2.6.2.1 | D81: 4 | I81: 공공·금융 보안 정책 요구사항 분석 | L81: =CONCATENATE(NETWORKDAYS(M81,N81,holiday!B$4:B$20),"일") -> 30일 | M81: 46143 | N81: 46188 | O81: 한국조폐공사 | P81: 한국조폐공사 | Q81: 이상인 | R81: =IF(COUNTBLANK(M81:N81)>0,0,1/NETWORKDAYS(M81,N81,holiday!B$4:B$20)*(IF($S$5<=M81,0,NETWORKDAYS(M81,IF($S$5>N81,N81,$S$5),holiday!B$4:B$20)))) -> 0 | U81: 0 | V81: 0.35 | W81: =R81*V81 -> 0 | X81: =U81*V81 -> 0 | Y81: =IF(N81-$S$5<=0,0,CONCATENATE(NETWORKDAYS($S$5,N81,holiday!$B$4:$B$20))) -> 47 | Z81: =IF(SUM(W81:X81)>0,(X81-W81)/V81,0) -> 0
B82: 80 | C82: Project 2.6.2.2 | D82: 4 | I82: 개인정보 보호 및 데이터 보안 요구사항 | L82: =CONCATENATE(NETWORKDAYS(M82,N82,holiday!B$4:B$20),"일") -> 30일 | M82: 46143 | N82: 46188 | O82: 한국조폐공사 | P82: 한국조폐공사 | Q82: 이상인 | R82: =IF(COUNTBLANK(M82:N82)>0,0,1/NETWORKDAYS(M82,N82,holiday!B$4:B$20)*(IF($S$5<=M82,0,NETWORKDAYS(M82,IF($S$5>N82,N82,$S$5),holiday!B$4:B$20)))) -> 0 | U82: 0 | V82: 0.35 | W82: =R82*V82 -> 0 | X82: =U82*V82 -> 0 | Y82: =IF(N82-$S$5<=0,0,CONCATENATE(NETWORKDAYS($S$5,N82,holiday!$B$4:$B$20))) -> 47 | Z82: =IF(SUM(W82:X82)>0,(X82-W82)/V82,0) -> 0
B83: 81 | C83: Project 2.6.2.3 | D83: 4 | I83: 클라우드 이용 및 망 분리 기준 분석 | L83: =CONCATENATE(NETWORKDAYS(M83,N83,holiday!B$4:B$20),"일") -> 30일 | M83: 46143 | N83: 46188 | O83: 한국조폐공사 | P83: 한국조폐공사 | Q83: 이상인 | R83: =IF(COUNTBLANK(M83:N83)>0,0,1/NETWORKDAYS(M83,N83,holiday!B$4:B$20)*(IF($S$5<=M83,0,NETWORKDAYS(M83,IF($S$5>N83,N83,$S$5),holiday!B$4:B$20)))) -> 0 | U83: 0 | V83: 0.3 | W83: =R83*V83 -> 0 | X83: =U83*V83 -> 0 | Y83: =IF(N83-$S$5<=0,0,CONCATENATE(NETWORKDAYS($S$5,N83,holiday!$B$4:$B$20))) -> 47 | Z83: =IF(SUM(W83:X83)>0,(X83-W83)/V83,0) -> 0
B84: 82 | C84: Project 2.6.3 | D84: 3 | H84: 전체 인프라 아키텍처 설계 | L84: =CONCATENATE(NETWORKDAYS(M84,N84,holiday!B$4:B$20),"일") -> 30일 | M84: =MIN(M85,M86,M87) -> 46143 | N84: =MAX(N85,N86,N87) -> 46188 | O84: 한국조폐공사 | P84: 한국조폐공사 | Q84: 이상인 | R84: =SUM(W85:W87) -> 0 | U84: =SUM(X85:X87) -> 0 | V84: 0.15 | W84: =R84*V84 -> 0 | X84: =U84*V84 -> 0 | Y84: =IF(N84-$S$5<=0,0,CONCATENATE(NETWORKDAYS($S$5,N84,holiday!$B$4:$B$20))) -> 47 | Z84: =IF(SUM(W84:X84)>0,(X84-W84)/V84,0) -> 0
B85: 83 | C85: Project 2.6.3.1 | D85: 4 | I85: 논리/물리 아키텍처 구성 | L85: =CONCATENATE(NETWORKDAYS(M85,N85,holiday!B$4:B$20),"일") -> 30일 | M85: 46143 | N85: 46188 | O85: 한국조폐공사 | P85: 한국조폐공사 | Q85: 이상인 | R85: =IF(COUNTBLANK(M85:N85)>0,0,1/NETWORKDAYS(M85,N85,holiday!B$4:B$20)*(IF($S$5<=M85,0,NETWORKDAYS(M85,IF($S$5>N85,N85,$S$5),holiday!B$4:B$20)))) -> 0 | U85: 0 | V85: 0.3 | W85: =R85*V85 -> 0 | X85: =U85*V85 -> 0 | Y85: =IF(N85-$S$5<=0,0,CONCATENATE(NETWORKDAYS($S$5,N85,holiday!$B$4:$B$20))) -> 47 | Z85: =IF(SUM(W85:X85)>0,(X85-W85)/V85,0) -> 0
B86: 84 | C86: Project 2.6.3.2 | D86: 4 | I86: 온프레미스–클라우드 연계 구조 설계 | L86: =CONCATENATE(NETWORKDAYS(M86,N86,holiday!B$4:B$20),"일") -> 30일 | M86: 46143 | N86: 46188 | O86: 한국조폐공사 | P86: 한국조폐공사 | Q86: 이상인 | R86: =IF(COUNTBLANK(M86:N86)>0,0,1/NETWORKDAYS(M86,N86,holiday!B$4:B$20)*(IF($S$5<=M86,0,NETWORKDAYS(M86,IF($S$5>N86,N86,$S$5),holiday!B$4:B$20)))) -> 0 | U86: 0 | V86: 0.4 | W86: =R86*V86 -> 0 | X86: =U86*V86 -> 0 | Y86: =IF(N86-$S$5<=0,0,CONCATENATE(NETWORKDAYS($S$5,N86,holiday!$B$4:$B$20))) -> 47 | Z86: =IF(SUM(W86:X86)>0,(X86-W86)/V86,0) -> 0
B87: 85 | C87: Project 2.6.3.3 | D87: 4 | I87: 개발·운영·테스트 환경 분리 설계 | L87: =CONCATENATE(NETWORKDAYS(M87,N87,holiday!B$4:B$20),"일") -> 30일 | M87: 46143 | N87: 46188 | O87: 한국조폐공사 | P87: 한국조폐공사 | Q87: 이상인 | R87: =IF(COUNTBLANK(M87:N87)>0,0,1/NETWORKDAYS(M87,N87,holiday!B$4:B$20)*(IF($S$5<=M87,0,NETWORKDAYS(M87,IF($S$5>N87,N87,$S$5),holiday!B$4:B$20)))) -> 0 | U87: 0 | V87: 0.4 | W87: =R87*V87 -> 0 | X87: =U87*V87 -> 0 | Y87: =IF(N87-$S$5<=0,0,CONCATENATE(NETWORKDAYS($S$5,N87,holiday!$B$4:$B$20))) -> 47 | Z87: =IF(SUM(W87:X87)>0,(X87-W87)/V87,0) -> 0
B88: 86 | C88: Project 2.6.4 | D88: 3 | H88: 스토리지 설계 | L88: =CONCATENATE(NETWORKDAYS(M88,N88,holiday!B$4:B$20),"일") -> 30일 | M88: =MIN(M89:M90) -> 46143 | N88: =MAX(N89:N90) -> 46188 | O88: 한국조폐공사 | P88: 한국조폐공사 | Q88: 이상인 | R88: =SUM(W89:W90) -> 0 | U88: =SUM(X89:X90) -> 0 | V88: 0.15 | W88: =R88*V88 -> 0 | X88: =U88*V88 -> 0 | Y88: =IF(N88-$S$5<=0,0,CONCATENATE(NETWORKDAYS($S$5,N88,holiday!$B$4:$B$20))) -> 47 | Z88: =IF(SUM(W88:X88)>0,(X88-W88)/V88,0) -> 0
B89: 87 | C89: Project 2.6.4.1 | D89: 4 | I89: 데이터 유형별 스토리지 구성 설계 | L89: =CONCATENATE(NETWORKDAYS(M89,N89,holiday!B$4:B$20),"일") -> 30일 | M89: 46143 | N89: 46188 | O89: 한국조폐공사 | P89: 한국조폐공사 | Q89: 이상인 | R89: =IF(COUNTBLANK(M89:N89)>0,0,1/NETWORKDAYS(M89,N89,holiday!B$4:B$20)*(IF($S$5<=M89,0,NETWORKDAYS(M89,IF($S$5>N89,N89,$S$5),holiday!B$4:B$20)))) -> 0 | U89: 0 | V89: 0.5 | W89: =R89*V89 -> 0 | X89: =U89*V89 -> 0 | Y89: =IF(N89-$S$5<=0,0,CONCATENATE(NETWORKDAYS($S$5,N89,holiday!$B$4:$B$20))) -> 47 | Z89: =IF(SUM(W89:X89)>0,(X89-W89)/V89,0) -> 0
B90: 88 | C90: Project 2.6.4.2 | D90: 4 | I90: 백업·아카이빙 정책 설계 | L90: =CONCATENATE(NETWORKDAYS(M90,N90,holiday!B$4:B$20),"일") -> 30일 | M90: 46143 | N90: 46188 | O90: 한국조폐공사 | P90: 한국조폐공사 | Q90: 이상인 | R90: =IF(COUNTBLANK(M90:N90)>0,0,1/NETWORKDAYS(M90,N90,holiday!B$4:B$20)*(IF($S$5<=M90,0,NETWORKDAYS(M90,IF($S$5>N90,N90,$S$5),holiday!B$4:B$20)))) -> 0 | U90: 0 | V90: 0.5 | W90: =R90*V90 -> 0 | X90: =U90*V90 -> 0 | Y90: =IF(N90-$S$5<=0,0,CONCATENATE(NETWORKDAYS($S$5,N90,holiday!$B$4:$B$20))) -> 47 | Z90: =IF(SUM(W90:X90)>0,(X90-W90)/V90,0) -> 0
B91: 89 | C91: Project 2.6.5 | D91: 3 | H91: 네트워크 및 보안 설계 | L91: =CONCATENATE(NETWORKDAYS(M91,N91,holiday!B$4:B$20),"일") -> 30일 | M91: =MIN(M92,M93,M94,M95) -> 46143 | N91: =MAX(N92,N93,N94,N95) -> 46188 | O91: 한국조폐공사 | P91: 한국조폐공사 | Q91: 이상인 | R91: =SUM(W92:W95) -> 0 | U91: =SUM(X92:X95) -> 0 | V91: 0.15 | W91: =R91*V91 -> 0 | X91: =U91*V91 -> 0 | Y91: =IF(N91-$S$5<=0,0,CONCATENATE(NETWORKDAYS($S$5,N91,holiday!$B$4:$B$20))) -> 47 | Z91: =IF(SUM(W91:X91)>0,(X91-W91)/V91,0) -> 0
B92: 90 | C92: Project 2.6.5.1 | D92: 4 | I92: 네트워크 아키텍처 설계 | L92: =CONCATENATE(NETWORKDAYS(M92,N92,holiday!B$4:B$20),"일") -> 30일 | M92: 46143 | N92: 46188 | O92: 한국조폐공사 | P92: 한국조폐공사 | Q92: 이상인 | R92: =IF(COUNTBLANK(M92:N92)>0,0,1/NETWORKDAYS(M92,N92,holiday!B$4:B$20)*(IF($S$5<=M92,0,NETWORKDAYS(M92,IF($S$5>N92,N92,$S$5),holiday!B$4:B$20)))) -> 0 | U92: 0 | V92: 0.25 | W92: =R92*V92 -> 0 | X92: =U92*V92 -> 0 | Y92: =IF(N92-$S$5<=0,0,CONCATENATE(NETWORKDAYS($S$5,N92,holiday!$B$4:$B$20))) -> 47 | Z92: =IF(SUM(W92:X92)>0,(X92-W92)/V92,0) -> 0
B93: 91 | C93: Project 2.6.5.2 | D93: 4 | I93: 내부/외부 네트워크 구간 설계 | L93: =CONCATENATE(NETWORKDAYS(M93,N93,holiday!B$4:B$20),"일") -> 30일 | M93: 46143 | N93: 46188 | O93: 한국조폐공사 | P93: 한국조폐공사 | Q93: 이상인 | R93: =IF(COUNTBLANK(M93:N93)>0,0,1/NETWORKDAYS(M93,N93,holiday!B$4:B$20)*(IF($S$5<=M93,0,NETWORKDAYS(M93,IF($S$5>N93,N93,$S$5),holiday!B$4:B$20)))) -> 0 | U93: 0 | V93: 0.25 | W93: =R93*V93 -> 0 | X93: =U93*V93 -> 0 | Y93: =IF(N93-$S$5<=0,0,CONCATENATE(NETWORKDAYS($S$5,N93,holiday!$B$4:$B$20))) -> 47 | Z93: =IF(SUM(W93:X93)>0,(X93-W93)/V93,0) -> 0
B94: 92 | C94: Project 2.6.5.3 | D94: 4 | I94: 망 분리 및 접근 경로 설계 | L94: =CONCATENATE(NETWORKDAYS(M94,N94,holiday!B$4:B$20),"일") -> 30일 | M94: 46143 | N94: 46188 | O94: 한국조폐공사 | P94: 한국조폐공사 | Q94: 이상인 | R94: =IF(COUNTBLANK(M94:N94)>0,0,1/NETWORKDAYS(M94,N94,holiday!B$4:B$20)*(IF($S$5<=M94,0,NETWORKDAYS(M94,IF($S$5>N94,N94,$S$5),holiday!B$4:B$20)))) -> 0 | U94: 0 | V94: 0.25 | W94: =R94*V94 -> 0 | X94: =U94*V94 -> 0 | Y94: =IF(N94-$S$5<=0,0,CONCATENATE(NETWORKDAYS($S$5,N94,holiday!$B$4:$B$20))) -> 47 | Z94: =IF(SUM(W94:X94)>0,(X94-W94)/V94,0) -> 0
B95: 93 | C95: Project 2.6.5.4 | D95: 4 | I95: 트래픽 흐름 및 대역폭 설계 | L95: =CONCATENATE(NETWORKDAYS(M95,N95,holiday!B$4:B$20),"일") -> 30일 | M95: 46143 | N95: 46188 | O95: 한국조폐공사 | P95: 한국조폐공사 | Q95: 이상인 | R95: =IF(COUNTBLANK(M95:N95)>0,0,1/NETWORKDAYS(M95,N95,holiday!B$4:B$20)*(IF($S$5<=M95,0,NETWORKDAYS(M95,IF($S$5>N95,N95,$S$5),holiday!B$4:B$20)))) -> 0 | U95: 0 | V95: 0.25 | W95: =R95*V95 -> 0 | X95: =U95*V95 -> 0 | Y95: =IF(N95-$S$5<=0,0,CONCATENATE(NETWORKDAYS($S$5,N95,holiday!$B$4:$B$20))) -> 47 | Z95: =IF(SUM(W95:X95)>0,(X95-W95)/V95,0) -> 0
B96: 94 | C96: Project 2.6.6 | D96: 3 | H96: 보안 인프라 설계 | L96: =CONCATENATE(NETWORKDAYS(M96,N96,holiday!B$4:B$20),"일") -> 30일 | M96: =MIN(M97,M98,M99,M100,M101,M102,M103) -> 46143 | N96: =MAX(N97,N98,N99,N100,N101,N102,N103) -> 46188 | O96: 한국조폐공사 | P96: 한국조폐공사 | Q96: 이상인 | R96: =SUM(W97:W103) -> 0 | U96: =SUM(X97:X103) -> 0 | V96: 0.15 | W96: =R96*V96 -> 0 | X96: =U96*V96 -> 0 | Y96: =IF(N96-$S$5<=0,0,CONCATENATE(NETWORKDAYS($S$5,N96,holiday!$B$4:$B$20))) -> 47 | Z96: =IF(SUM(W96:X96)>0,(X96-W96)/V96,0) -> 0
B97: 95 | C97: Project 2.6.6.1 | D97: 4 | I97: 방화벽, WAF, IDS/IPS 구성 설계 | L97: =CONCATENATE(NETWORKDAYS(M97,N97,holiday!B$4:B$20),"일") -> 30일 | M97: 46143 | N97: 46188 | O97: 한국조폐공사 | P97: 한국조폐공사 | Q97: 이상인 | R97: =IF(COUNTBLANK(M97:N97)>0,0,1/NETWORKDAYS(M97,N97,holiday!B$4:B$20)*(IF($S$5<=M97,0,NETWORKDAYS(M97,IF($S$5>N97,N97,$S$5),holiday!B$4:B$20)))) -> 0 | U97: 0 | V97: 0.1 | W97: =R97*V97 -> 0 | X97: =U97*V97 -> 0 | Y97: =IF(N97-$S$5<=0,0,CONCATENATE(NETWORKDAYS($S$5,N97,holiday!$B$4:$B$20))) -> 47 | Z97: =IF(SUM(W97:X97)>0,(X97-W97)/V97,0) -> 0
B98: 96 | C98: Project 2.6.6.2 | D98: 4 | I98: 접근통제 및 인증 체계 설계 | L98: =CONCATENATE(NETWORKDAYS(M98,N98,holiday!B$4:B$20),"일") -> 30일 | M98: 46143 | N98: 46188 | O98: 한국조폐공사 | P98: 한국조폐공사 | Q98: 이상인 | R98: =IF(COUNTBLANK(M98:N98)>0,0,1/NETWORKDAYS(M98,N98,holiday!B$4:B$20)*(IF($S$5<=M98,0,NETWORKDAYS(M98,IF($S$5>N98,N98,$S$5),holiday!B$4:B$20)))) -> 0 | U98: 0 | V98: 0.15 | W98: =R98*V98 -> 0 | X98: =U98*V98 -> 0 | Y98: =IF(N98-$S$5<=0,0,CONCATENATE(NETWORKDAYS($S$5,N98,holiday!$B$4:$B$20))) -> 47 | Z98: =IF(SUM(W98:X98)>0,(X98-W98)/V98,0) -> 0
B99: 97 | C99: Project 2.6.6.3 | D99: 4 | I99: 암호화 및 키 관리 구조 설계 | L99: =CONCATENATE(NETWORKDAYS(M99,N99,holiday!B$4:B$20),"일") -> 30일 | M99: 46143 | N99: 46188 | O99: 한국조폐공사 | P99: 한국조폐공사 | Q99: 이상인 | R99: =IF(COUNTBLANK(M99:N99)>0,0,1/NETWORKDAYS(M99,N99,holiday!B$4:B$20)*(IF($S$5<=M99,0,NETWORKDAYS(M99,IF($S$5>N99,N99,$S$5),holiday!B$4:B$20)))) -> 0 | U99: 0 | V99: 0.15 | W99: =R99*V99 -> 0 | X99: =U99*V99 -> 0 | Y99: =IF(N99-$S$5<=0,0,CONCATENATE(NETWORKDAYS($S$5,N99,holiday!$B$4:$B$20))) -> 47 | Z99: =IF(SUM(W99:X99)>0,(X99-W99)/V99,0) -> 0
B100: 98 | C100: Project 2.6.6.4 | D100: 4 | I100: 관리자·운영자 접근 통제 설계 | L100: =CONCATENATE(NETWORKDAYS(M100,N100,holiday!B$4:B$20),"일") -> 30일 | M100: 46143 | N100: 46188 | O100: 한국조폐공사 | P100: 한국조폐공사 | Q100: 이상인 | R100: =IF(COUNTBLANK(M100:N100)>0,0,1/NETWORKDAYS(M100,N100,holiday!B$4:B$20)*(IF($S$5<=M100,0,NETWORKDAYS(M100,IF($S$5>N100,N100,$S$5),holiday!B$4:B$20)))) -> 0 | U100: 0 | V100: 0.15 | W100: =R100*V100 -> 0 | X100: =U100*V100 -> 0 | Y100: =IF(N100-$S$5<=0,0,CONCATENATE(NETWORKDAYS($S$5,N100,holiday!$B$4:$B$20))) -> 47 | Z100: =IF(SUM(W100:X100)>0,(X100-W100)/V100,0) -> 0
B101: 99 | C101: Project 2.6.6.5 | D101: 4 | I101: 계정 관리 및 감사 로그 설계 | L101: =CONCATENATE(NETWORKDAYS(M101,N101,holiday!B$4:B$20),"일") -> 30일 | M101: 46143 | N101: 46188 | O101: 한국조폐공사 | P101: 한국조폐공사 | Q101: 이상인 | R101: =IF(COUNTBLANK(M101:N101)>0,0,1/NETWORKDAYS(M101,N101,holiday!B$4:B$20)*(IF($S$5<=M101,0,NETWORKDAYS(M101,IF($S$5>N101,N101,$S$5),holiday!B$4:B$20)))) -> 0 | U101: 0 | V101: 0.15 | W101: =R101*V101 -> 0 | X101: =U101*V101 -> 0 | Y101: =IF(N101-$S$5<=0,0,CONCATENATE(NETWORKDAYS($S$5,N101,holiday!$B$4:$B$20))) -> 47 | Z101: =IF(SUM(W101:X101)>0,(X101-W101)/V101,0) -> 0
B102: 100 | C102: Project 2.6.6.6 | D102: 4 | I102: 보안 이벤트 대응 체계 설계 | L102: =CONCATENATE(NETWORKDAYS(M102,N102,holiday!B$4:B$20),"일") -> 30일 | M102: 46143 | N102: 46188 | O102: 한국조폐공사 | P102: 한국조폐공사 | Q102: 이상인 | R102: =IF(COUNTBLANK(M102:N102)>0,0,1/NETWORKDAYS(M102,N102,holiday!B$4:B$20)*(IF($S$5<=M102,0,NETWORKDAYS(M102,IF($S$5>N102,N102,$S$5),holiday!B$4:B$20)))) -> 0 | U102: 0 | V102: 0.15 | W102: =R102*V102 -> 0 | X102: =U102*V102 -> 0 | Y102: =IF(N102-$S$5<=0,0,CONCATENATE(NETWORKDAYS($S$5,N102,holiday!$B$4:$B$20))) -> 47 | Z102: =IF(SUM(W102:X102)>0,(X102-W102)/V102,0) -> 0
B103: 101 | C103: Project 2.6.6.7 | D103: 4 | I103: 백업 및 복구(DR) 설계 | L103: =CONCATENATE(NETWORKDAYS(M103,N103,holiday!B$4:B$20),"일") -> 30일 | M103: 46143 | N103: 46188 | O103: 한국조폐공사 | P103: 한국조폐공사 | Q103: 이상인 | R103: =IF(COUNTBLANK(M103:N103)>0,0,1/NETWORKDAYS(M103,N103,holiday!B$4:B$20)*(IF($S$5<=M103,0,NETWORKDAYS(M103,IF($S$5>N103,N103,$S$5),holiday!B$4:B$20)))) -> 0 | U103: 0 | V103: 0.15 | W103: =R103*V103 -> 0 | X103: =U103*V103 -> 0 | Y103: =IF(N103-$S$5<=0,0,CONCATENATE(NETWORKDAYS($S$5,N103,holiday!$B$4:$B$20))) -> 47 | Z103: =IF(SUM(W103:X103)>0,(X103-W103)/V103,0) -> 0
B104: 102 | C104: Project 3 | D104: 1 | F104: 개발 | L104: =CONCATENATE(NETWORKDAYS(M104,N104,holiday!B$4:B$20),"일") -> 191일 | M104: =MIN(M105,M146,M167,M180,M191,M200) -> 46101 | N104: =MAX(N105,N146,N167,N180,N191,N200) -> 46374 | O104: 한국조폐공사 | P104: 한국조폐공사 | Q104: 이상인 | R104: =SUM(W105,W146,W167,W180,W191,W200) -> 0.094411026 | U104: =SUM(X105,X146,X167,X180,X191,X200) -> 0 | V104: 0.4 | W104: =R104*V104 -> 0.03776441 | X104: =U104*V104 -> 0 | Y104: =IF(N104-$S$5<=0,0,CONCATENATE(NETWORKDAYS($S$5,N104,holiday!$B$4:$B$20))) -> 178 | Z104: =IF(SUM(W104:X104)>0,(X104-W104)/V104,0) -> -0.094411026
...

Sheet 시스템별 진척관리
D4: 구분 | E4: 분석/설계 | H4: 개발 | K4: 테스트 | N4: 이행안정화 | Q4: 전체(진척율)
E5: 실적 | F5: 계획 | G5: 진척율 | H5: 실적 | I5: 계획 | J5: 진척율 | K5: 실적 | L5: 계획 | M5: 진척율 | N5: 실적 | O5: 계획 | P5: 진척율
D6: 핑거 | E6: {=SUMPRODUCT((WBS_선행개발!$D$19:$D$103=2)*(WBS_선행개발!$P$19:$P$103="핑거")*WBS_선행개발!$X$19:$X$103)*WBS_선행개발!$V$18} -> 0.002325 | F6: {=SUMPRODUCT((WBS_선행개발!$D$19:$D$103=2)*(WBS_선행개발!$P$19:$P$103="핑거")*WBS_선행개발!$W$19:$W$103)*WBS_선행개발!$V$18} -> 0.0373125 | G6: =IFERROR(E6/F6,0) -> 0.062311558 | H6: {=SUMPRODUCT((WBS_선행개발!$D$105:$D$220=2)*(WBS_선행개발!$P$105:$P$220="핑거")*WBS_선행개발!$X$105:$X$220)*WBS_선행개발!$V$104} -> 0 | I6: {=SUMPRODUCT((WBS_선행개발!$D$105:$D$220=2)*(WBS_선행개발!$P$105:$P$220="핑거")*WBS_선행개발!$W$105:$W$220)*WBS_선행개발!$V$104} -> 0.01172581 | J6: =IFERROR(H6/I6,0) -> 0 | K6: {=SUMPRODUCT((WBS_선행개발!$D$222:$D$261=2)*(WBS_선행개발!$P$222:$P$261="핑거")*WBS_선행개발!$X$222:$X$261)*WBS_선행개발!$V$221} -> 0 | L6: {=SUMPRODUCT((WBS_선행개발!$D$222:$D$261=2)*(WBS_선행개발!$P$222:$P$261="핑거")*WBS_선행개발!$W$222:$W$261)*WBS_선행개발!$V$221} -> 0 | M6: =IFERROR(K6/L6,0) -> 0 | N6: {=SUMPRODUCT((WBS_선행개발!$D$263:$D$285=2)*(WBS_선행개발!$P$263:$P$285="핑거")*WBS_선행개발!$X$263:$X$285)*WBS_선행개발!$V$262} -> 0 | O6: {=SUMPRODUCT((WBS_선행개발!$D$263:$D$285=2)*(WBS_선행개발!$P$263:$P$285="핑거")*WBS_선행개발!$W$263:$W$285)*WBS_선행개발!$V$262} -> 0 | P6: =IFERROR(N6/O6,0) -> 0 | Q6: =IFERROR((E6+H6+K6+N6)/(F6+I6+L6+O6),0) -> 0.047411911
D7: 시루정보 | E7: {=SUMPRODUCT((WBS_선행개발!$D$19:$D$103=2)*(WBS_선행개발!$P$19:$P$103="시루정보")*WBS_선행개발!$X$19:$X$103)*WBS_선행개발!$V$18} -> 0.07275 | F7: {=SUMPRODUCT((WBS_선행개발!$D$19:$D$103=2)*(WBS_선행개발!$P$19:$P$103="시루정보")*WBS_선행개발!$W$19:$W$103)*WBS_선행개발!$V$18} -> 0.075 | G7: =IFERROR(E7/F7,0) -> 0.97 | H7: {=SUMPRODUCT((WBS_선행개발!$D$105:$D$220=2)*(WBS_선행개발!$P$105:$P$220="시루정보")*WBS_선행개발!$X$105:$X$220)*WBS_선행개발!$V$104} -> 0 | I7: {=SUMPRODUCT((WBS_선행개발!$D$105:$D$220=2)*(WBS_선행개발!$P$105:$P$220="시루정보")*WBS_선행개발!$W$105:$W$220)*WBS_선행개발!$V$104} -> 0.0084 | J7: =IFERROR(H7/I7,0) -> 0 | K7: {=SUMPRODUCT((WBS_선행개발!$D$222:$D$261=2)*(WBS_선행개발!$P$222:$P$261="시루정보")*WBS_선행개발!$X$222:$X$261)*WBS_선행개발!$V$221} -> 0 | L7: {=SUMPRODUCT((WBS_선행개발!$D$222:$D$261=2)*(WBS_선행개발!$P$222:$P$261="시루정보")*WBS_선행개발!$W$222:$W$261)*WBS_선행개발!$V$221} -> 0 | M7: =IFERROR(K7/L7,0) -> 0 | N7: {=SUMPRODUCT((WBS_선행개발!$D$263:$D$285=2)*(WBS_선행개발!$P$263:$P$285="시루정보")*WBS_선행개발!$X$263:$X$285)*WBS_선행개발!$V$262} -> 0 | O7: {=SUMPRODUCT((WBS_선행개발!$D$263:$D$285=2)*(WBS_선행개발!$P$263:$P$285="시루정보")*WBS_선행개발!$W$263:$W$285)*WBS_선행개발!$V$262} -> 0 | P7: =IFERROR(N7/O7,0) -> 0 | Q7: =IFERROR((E7+H7+K7+N7)/(F7+I7+L7+O7),0) -> 0.87230216
D8: 더큰소프트 | E8: {=SUMPRODUCT((WBS_선행개발!$D$19:$D$103=2)*(WBS_선행개발!$P$19:$P$103="더큰소프트")*WBS_선행개발!$X$19:$X$103)*WBS_선행개발!$V$18} -> 0.003375 | F8: {=SUMPRODUCT((WBS_선행개발!$D$19:$D$103=2)*(WBS_선행개발!$P$19:$P$103="더큰소프트")*WBS_선행개발!$W$19:$W$103)*WBS_선행개발!$V$18} -> 0.013636364 | G8: =IFERROR(E8/F8,0) -> 0.2475 | H8: {=SUMPRODUCT((WBS_선행개발!$D$105:$D$220=2)*(WBS_선행개발!$P$105:$P$220="더큰소프트")*WBS_선행개발!$X$105:$X$220)*WBS_선행개발!$V$104} -> 0 | I8: {=SUMPRODUCT((WBS_선행개발!$D$105:$D$220=2)*(WBS_선행개발!$P$105:$P$220="더큰소프트")*WBS_선행개발!$W$105:$W$220)*WBS_선행개발!$V$104} -> 0.015443478 | J8: =IFERROR(H8/I8,0) -> 0 | K8: {=SUMPRODUCT((WBS_선행개발!$D$222:$D$261=2)*(WBS_선행개발!$P$222:$P$261="더큰소프트")*WBS_선행개발!$X$222:$X$261)*WBS_선행개발!$V$221} -> 0 | L8: {=SUMPRODUCT((WBS_선행개발!$D$222:$D$261=2)*(WBS_선행개발!$P$222:$P$261="더큰소프트")*WBS_선행개발!$W$222:$W$261)*WBS_선행개발!$V$221} -> 0 | M8: =IFERROR(K8/L8,0) -> 0 | N8: {=SUMPRODUCT((WBS_선행개발!$D$263:$D$285=2)*(WBS_선행개발!$P$263:$P$285="더큰소프트")*WBS_선행개발!$X$263:$X$285)*WBS_선행개발!$V$262} -> 0 | O8: {=SUMPRODUCT((WBS_선행개발!$D$263:$D$285=2)*(WBS_선행개발!$P$263:$P$285="더큰소프트")*WBS_선행개발!$W$263:$W$285)*WBS_선행개발!$V$262} -> 0 | P8: =IFERROR(N8/O8,0) -> 0 | Q8: =IFERROR((E8+H8+K8+N8)/(F8+I8+L8+O8),0) -> 0.11605978

Sheet holiday
B2: 공휴일
B3: Date | C3: Remarks
B4: 46023 | C4: 새해
B5: 46069 | C5: 설날
B6: 46070 | C6: 설날
B7: 46071 | C7: 설날
B8: 46082 | C8: 31운동
B9: 46083 | C9: 31운동
B10: 46147 | C10: 어린이날
B11: 46166 | C11: 부처 오신날
B12: 46167 | C12: 부처 오신날
B13: 46179 | C13: 현충일
B14: 46249 | C14: 광복절
B15: 46251 | C15: 광복절
... B23: 46381 | C23: 크리스마스
